Date,Close,High,Low,Open,Volume
2018-01-02,40.426822662353516,40.436212064432425,39.72276790875693,39.9339864834405,1.022236E8
2018-01-03,40.41977310180664,40.964243704870455,40.35641076688641,40.49017927716928,1.180716E8
2018-01-04,40.60752487182617,40.710786792933035,40.384574949985684,40.492527990410416,8.97384E7
2018-01-05,41.06986999511719,41.15670228861273,40.61223501708758,40.7037620126935,9.464E7
2018-01-08,40.917320251464844,41.213021983305815,40.8187494265099,40.917320251464844,8.22712E7
2018-01-09,40.91261672973633,41.083935694352036,40.69670706368473,40.964247691292925,8.6336E7
2018-01-10,40.903228759765625,40.905577900559486,40.6004868209635,40.638037263592274,9.58396E7
2018-01-11,41.13557815551758,41.184863571147595,40.95017861883131,40.97364496545803,7.46708E7
2018-01-12,41.56035232543945,41.623718257592046,41.22240546196927,41.34678818518986,1.016724E8
2018-01-16,41.3491325378418,42.10012349135835,41.33739757680099,41.750441705983256,1.182636E8
2018-01-17,42.03207778930664,42.06727910092083,41.08629768651695,41.339754292155696,1.375472E8
2018-01-18,42.069610595703125,42.26674861785587,41.83258015439757,42.09542607592508,1.247736E8
2018-01-19,41.88187789916992,42.1447238981669,41.63545798460618,41.91707920938982,1.297004E8
2018-01-22,41.53923034667969,41.72228429562512,41.44535781219759,41.60963653804508,1.084344E8
2018-01-23,41.54860305786133,42.11184883005544,41.49697568689156,41.609623408927774,1.307564E8
2018-01-24,40.886817932128906,41.60964810785268,40.6474382473287,41.59791314252753,2.044204E8
2018-01-25,40.156944274902344,41.058133675910234,40.020826566259224,40.95487171893902,1.66116E8
2018-01-26,40.25080871582031,40.36580561399968,39.91051630329917,40.36580561399968,1.56572E8
2018-01-29,39.41767501831055,39.933981051179536,39.208805613063255,39.933981051179536,2.025616E8
2018-01-30,39.18534851074219,39.279221063424224,38.65261264270036,38.84740159147351,1.841928E8
2018-01-31,39.293296813964844,39.53033088935035,39.07504154404407,39.16187382377497,1.299156E8
2018-02-01,39.37543487548828,39.5725693452636,39.13605525875675,39.23227693364981,1.889232E8
2018-02-02,37.66693115234375,39.145446923123295,37.57305861302765,38.95769826348325,3.463752E8
2018-02-05,36.725852966308594,38.4601747854563,36.61085603958529,37.338380893288154,2.90954E8
2018-02-06,38.260677337646484,38.422610484739074,36.14147306701569,36.33626195547437,2.729752E8
2018-02-07,37.44163513183594,38.34751917686184,37.33133650049833,38.27476741574191,2.064344E8
2018-02-08,36.41136169433594,37.784269825362344,36.383200651568615,37.61764196663826,2.17562E8
2018-02-09,36.85672378540039,37.2054725383978,35.402814745410176,37.01224818986412,2.826904E8
2018-02-12,38.341278076171875,38.61933366859488,37.115937864737404,37.34922453638688,2.43278E8
2018-02-13,38.72536087036133,38.82197484217078,38.091484044226874,38.1621772820291,1.301968E8
2018-02-14,39.439353942871094,39.47941260422183,38.381324910071264,38.41902485300839,1.625796E8
2018-02-15,40.7636604309082,40.78722244438415,39.82344871996502,40.00960408753559,2.045888E8
2018-02-16,40.6317138671875,41.19490122123614,40.47619301177695,40.61522081089618,1.607044E8
2018-02-20,40.49504089355469,41.06293484455439,40.39371305953362,40.54216852992367,1.35722E8
2018-02-21,40.31123733520508,41.029941821835656,40.29709580939052,40.72596553556844,1.498864E8
2018-02-22,40.64820861816406,40.98988849322406,40.46205318685,40.48326008492217,1.239676E8
2018-02-23,41.355125427246094,41.390470250051976,40.893266034139415,40.923900610976254,1.352496E8
2018-02-26,42.17280197143555,42.27177106953291,41.52243207153538,41.55542177090116,1.526488E8
2018-02-27,42.0361328125,42.52862322080652,41.98193621525677,42.20344004173933,1.557124E8
2018-02-28,41.97249984741211,42.56160411697766,41.956006797579974,42.24113125050972,1.511284E8
2018-03-01,41.2373046875,42.36367192217282,40.685903876338685,42.071474868825504,1.95208E8
2018-03-02,41.52244186401367,41.54364876240569,40.636426422479715,40.71890248814877,1.53816E8
2018-03-05,41.66617965698242,41.88296965474033,41.12420286478362,41.28679626200407,1.136056E8
2018-03-06,41.63082504272461,42.00313941685463,41.503580087428105,41.9230220896084,9.5154E7
2018-03-07,41.24437713623047,41.43760510612376,41.065290692306476,41.223170240688404,1.26814E8
2018-03-08,41.6944580078125,41.736871803215045,41.25380902051406,41.35041941968929,9.50964E7
2018-03-09,42.410804748535156,42.41551859070438,41.80049342731485,41.93481096207728,1.287408E8
2018-03-12,42.82082748413086,42.978707056078726,42.46500966636254,42.48385784591914,1.288284E8
2018-03-13,42.408451080322266,43.24026626913157,42.23643358912816,43.02583138817519,1.26774E8
2018-03-14,42.047908782958984,42.53804398842836,41.8994533498561,42.49091636389631,1.174736E8
2018-03-15,42.09739685058594,42.47206996264461,41.96072780085272,42.062052026621785,9.09752E7
2018-03-16,41.948944091796875,42.208147851708596,41.8546852372409,42.097395944860104,1.576188E8
2018-03-19,41.30801010131836,41.819352398649464,40.92155767590823,41.784007565316614,1.337872E8
2018-03-20,41.293853759765625,41.66145424499087,41.22316052900529,41.293853759765625,7.85976E7
2018-03-21,40.35837173461914,41.258521532914536,40.35601301545062,41.246738723897394,1.482196E8
2018-03-22,39.78811264038086,40.69061741763878,39.729202200342165,40.059099226315716,1.659632E8
2018-03-23,38.86675262451172,40.04024758721578,38.86675262451172,39.679715980628345,1.641152E8
2018-03-26,40.711822509765625,40.789584711777316,39.2202099343212,39.60430710303147,1.501648E8
2018-03-27,39.667930603027344,41.272650315738176,39.33331975564983,40.92625666195566,1.636904E8
2018-03-28,39.22964096069336,40.06381484211484,38.9256646587026,39.41108613081626,1.66674E8
2018-03-29,39.53596496582031,40.471462822048395,39.32859911488601,39.543033929319705,1.53594E8
2018-04-02,39.276756286621094,39.809308822440435,38.75599015036705,39.26733220081857,1.503472E8
2018-04-03,39.67970275878906,39.764533908284335,38.852601747915166,39.50297149697446,1.21112E8
2018-04-04,40.438480377197266,40.532735637825745,38.826691689439365,38.85261242545335,1.38422E8
2018-04-05,40.71889877319336,41.055864780040615,40.549236410319416,40.66705729589254,1.077328E8
2018-04-06,39.6773567199707,40.64348568170846,39.63493933770883,40.287667954213894,1.400212E8
2018-04-09,40.070884704589844,40.787234121145154,40.02375706853891,40.03082603416615,1.160708E8
2018-04-10,40.8249397277832,41.00167106859612,40.419635565203585,40.766029280845565,1.136344E8
2018-04-11,40.634071350097656,40.982820196880446,40.459695128902055,40.58458499151228,8.97264E7
2018-04-12,41.0346565246582,41.23730858495717,40.77544914673815,40.86263904418833,9.15572E7
2018-04-13,41.17367935180664,41.43524182149382,40.96631707000955,41.18546215767873,1.004972E8
2018-04-16,41.430538177490234,41.51772448274305,41.19725152823636,41.24437916362685,8.63136E7
2018-04-17,42.00079345703125,42.16574198899704,41.56956855485818,41.588420329312605,1.064216E8
2018-04-18,41.906532287597656,42.13746381529928,41.68031819776145,41.899463322015784,8.3018E7
2018-04-19,40.71889877319336,41.3292100975162,40.68590906905721,40.945112859953234,1.392352E8
2018-04-20,39.05054473876953,40.346574152727804,38.98220662885717,40.20047744211226,2.619644E8
2018-04-23,38.93745040893555,39.33332688754843,38.66646019491541,39.312119989538814,1.46062E8
2018-04-24,38.39547348022461,39.19429899705882,37.99016931755155,39.0387745541616,1.34768E8
2018-04-25,38.562774658203125,38.979861602588485,38.27058116128908,38.32006392000796,1.135284E8
2018-04-26,38.69709777832031,39.0529156119667,38.49680080441086,38.67353215941028,1.11852E8
2018-04-27,38.24937438964844,38.72301305983123,37.8511392172482,38.64525084312514,1.426232E8
2018-04-30,38.94215774536133,39.413441286929526,38.136263320752676,38.204601447820586,1.697096E8
2018-05-01,39.847023010253906,39.870585028863154,38.94451463897729,39.21314610125641,2.142776E8
2018-05-02,41.60726547241211,41.8853210111797,40.9545368189417,41.291502795137106,2.661576E8
2018-05-03,41.682682037353516,41.826423693589646,41.10536028859194,41.4446850899106,1.362728E8
2018-05-04,43.318031311035156,43.417000432787496,41.98429789748085,42.00314967242535,2.248052E8
2018-05-07,43.63142013549805,44.222879536554224,43.53480617090107,43.63613038088778,1.698056E8
2018-05-08,43.84115219116211,43.88121086073857,43.28032362587547,43.59137248932765,1.136112E8
2018-05-09,44.14984130859375,44.159265397142114,43.645568074468635,43.95897205391952,9.28448E7
2018-05-10,44.78135681152344,44.85911902088463,44.218173170035804,44.2393836603036,1.119572E8
2018-05-11,44.61104202270508,44.95877142248045,44.341374693233654,44.823939562481186,1.048488E8
2018-05-14,44.50695037841797,44.83339104189788,44.438352359737785,44.71038383965627,8.31152E7
2018-05-15,44.10247039794922,44.25149834973512,43.785493633031216,44.18289669182864,9.47808E7
2018-05-16,44.51405334472656,44.580290778639664,43.998375195944654,44.014935456791115,7.67324E7
2018-05-17,44.23256301879883,44.68673937854527,44.08353510360272,44.47147763647819,6.9176E7
2018-05-18,44.07170486450195,44.42653046786745,44.029127524644984,44.27987037350764,7.31908E7
2018-05-21,44.383968353271484,44.77191100165015,44.213651716473635,44.47149087709368,7.36032E7
2018-05-22,44.27277755737305,44.67964456930192,44.182887242571354,44.56136935907778,6.09628E7
2018-05-23,44.556636810302734,44.589753724392864,43.94160428065987,44.081171770264554,8.02336E7
2018-05-24,44.50695037841797,44.670170710157926,44.048045695598724,44.65361406129258,9.2936E7
2018-05-25,44.608673095703125,44.86178013673768,44.38867935550355,44.52587901519814,6.9844E7
2018-05-29,44.44781494140625,44.64888420811917,44.20416833885616,44.376852715010955,9.00564E7
2018-05-30,44.35319519042969,44.47147037760417,44.18287863214066,44.40523656154424,7.4762E7
2018-05-31,44.20417785644531,44.525886586769595,44.031497052583006,44.28697195102932,1.099312E8
2018-06-01,45.00135040283203,45.00607881211757,44.412338594235976,44.469111990917085,9.377E7
2018-06-04,45.377464294433594,45.753578569376124,45.263921111511316,45.332519140294664,1.050648E8
2018-06-05,45.72755432128906,45.876582218786986,45.502832177559085,45.67078453898313,8.6264E7
2018-06-06,45.886043548583984,45.90970003132506,45.398750323686826,45.80325307793522,8.37344E7
2018-06-07,45.76304626464844,45.9380912670048,45.498107337356295,45.923898819189205,8.53888E7
2018-06-08,45.34672164916992,45.417687507795556,44.890181002081555,45.221350196369826,1.066272E8
2018-06-11,45.23554229736328,45.410590932693474,44.99426343315968,45.263930806278715,7.3234E7
2018-06-12,45.483909606933594,45.561971670326066,45.216606505875056,45.27337990001665,6.76444E7
2018-06-13,45.110164642333984,45.62584643794907,45.04866283217583,45.517031655929124,8.65536E7
2018-06-14,45.133819580078125,45.31596440897372,44.99661990722573,45.31123239005526,8.64404E7
2018-06-15,44.67018127441406,44.98242956714809,44.532981595134544,44.95167685694679,2.468768E8
2018-06-18,44.64653015136719,44.76007334887905,44.28224046220159,44.443096634027135,7.39396E7
2018-06-19,43.925048828125,44.07644095516829,43.395174578736984,43.79494537297693,1.34314E8
2018-06-20,44.11664962768555,44.28223418589493,43.934504808918895,44.08116851145234,8.25148E7
2018-06-21,43.870643615722656,44.55427420282024,43.74763638348965,44.294067290302934,1.028476E8
2018-06-22,43.742897033691406,44.03385299840251,43.69085565990926,44.02675677556608,1.088016E8
2018-06-25,43.09239196777344,43.74290565884498,42.75175876656936,43.38334798985477,1.266524E8
2018-06-26,43.62699508666992,44.123752445008655,43.17991490795434,43.28636549150779,9.82768E7
2018-06-27,43.56312942504883,44.30116563482723,43.53237671315032,43.81623651618253,1.011412E8
2018-06-28,43.88010025024414,44.04805262643195,43.47796528251381,43.548931126106865,6.94608E7
2018-06-29,43.78784942626953,44.2798747446439,43.26743921185514,44.06697719592457,9.09508E7
2018-07-02,44.277496337890625,44.30588483661236,43.388068249840174,43.48269056312566,7.09252E7
2018-07-03,43.50634765625,44.459645447093266,43.416457352273774,44.42179651810617,5.58192E7
2018-07-05,43.8564338684082,44.09535203427023,43.59149862888873,43.823316963468265,6.64168E7
2018-07-06,44.46438980102539,44.57320099020935,43.80914402286213,43.861185412288734,6.99408E7
2018-07-09,45.08177947998047,45.105432356298394,44.778995231116525,44.82630459322533,7.90264E7
2018-07-10,45.027374267578125,45.24736442747198,44.98715751950538,45.11253256386964,6.37564E7
2018-07-11,44.44309616088867,44.892540536298526,44.37922653382369,44.58975627317487,7.5326E7
2018-07-12,45.188228607177734,45.27811892611248,44.7813615765416,44.83340296019085,7.21644E7
2018-07-13,45.25918960571289,45.37982901334297,45.157471054223706,45.20005200422256,5.00556E7
2018-07-16,45.15984344482422,45.57143888284523,45.04393243474662,45.3041393514624,6.01724E7
2018-07-17,45.28759002685547,45.38694079828623,44.75535143095738,44.88545492073838,6.2138E7
2018-07-18,45.03920364379883,45.37037643512688,44.92802464500332,45.365644415536565,6.55736E7
2018-07-19,45.3892936706543,45.547782011675714,44.87124769700974,44.87124769700974,8.11472E7
2018-07-20,45.28520202636719,45.51938457544819,44.984782054996025,45.365628283435974,8.27048E7
2018-07-23,45.3254280090332,45.40822210327195,44.84049890593436,45.105434232341366,6.39576E7
2018-07-24,45.65422821044922,45.8103523441781,45.429506047370054,45.524124765675154,7.47916E7
2018-07-25,46.08475112915039,46.09184735246474,45.519392202307905,45.66842011085451,6.68396E7
2018-07-26,45.940452575683594,46.354415755891374,45.79852089868051,46.03507128737066,7.6304E7
2018-07-27,45.1764030456543,46.172282008820225,44.96824110817268,46.12497264164137,9.6096E7
2018-07-30,44.92328643798828,45.46498525506087,44.72458497220841,45.39401941457589,8.4118E7
2018-07-31,45.013179779052734,45.45079951875537,44.788457592235076,45.015547593417764,1.57492E8
2018-08-01,47.66490173339844,47.72640353299923,46.673755060285146,47.10427848590774,2.717428E8
2018-08-02,49.05819320678711,49.29237943033868,47.3928797788397,47.4472853667251,2.49616E8
2018-08-03,49.20011901855469,49.37753181863814,48.60637520421288,48.97302904627989,1.337896E8
2018-08-06,49.45559310913086,49.49817044793707,48.98249231631903,49.202482452429685,1.017016E8
2018-08-07,48.9919548034668,49.55731013026369,48.9091607174553,49.51473278966766,1.023496E8
2018-08-08,49.02506637573242,49.15753401134307,48.37928484739433,48.741206640927835,9.0102E7
2018-08-09,49.41065216064453,49.62354609173593,49.01324558394157,49.56440848760244,9.39704E7
2018-08-10,49.26347351074219,49.63616186752561,49.05932655590925,49.22311934343157,9.84448E7
2018-08-13,49.581565856933594,50.075316755482326,49.303831655649645,49.68601364999049,1.035636E8
2018-08-14,49.79045867919922,49.98273591386627,49.43676114909593,49.88778535570257,8.2992E7
2018-08-15,49.90677261352539,50.02546261378595,49.453375943218546,49.664643998797075,1.152304E8
2018-08-16,50.637908935546875,50.754222830238795,50.19875443815532,50.265220555731204,1.140016E8
2018-08-17,51.64915466308594,51.73698412751917,50.59993521682601,50.666401344850996,1.41708E8
2018-08-20,51.145904541015625,52.028954949320145,51.06282007892816,51.77258769595775,1.211508E8
2018-08-21,51.04618835449219,51.55655747526284,50.80643588312586,51.463979429672776,1.046392E8
2018-08-22,51.0485725402832,51.35953977789525,50.761341130701624,50.82306225227025,7.60724E7
2018-08-23,51.15302276611328,51.52333502466654,50.941754689265245,50.95362079278084,7.55328E7
2018-08-24,51.31206512451172,51.487724018176,51.062815383301725,51.41651291108594,7.39056E7
2018-08-27,51.73460006713867,51.924504799962136,51.35241810535412,51.547067830452825,8.21004E7
2018-08-28,52.15238571166992,52.351784044025756,51.96722959989216,51.988592930759275,9.11072E7
2018-08-29,52.931007385253906,53.05207354001262,52.08356241260509,52.25922134753744,1.090192E8
2018-08-30,53.41762161254883,54.18435800556215,52.79331104759601,52.995085498345965,1.951752E8
2018-08-31,54.034828186035156,54.32917716389205,53.647897500730664,53.768960036255756,1.733604E8
2018-09-04,54.208106994628906,54.40275674720709,53.797440532691446,54.219976721255726,1.095604E8
2018-09-05,53.854400634765625,54.519065373926225,53.43424063338607,54.35764870897098,1.33332E8
2018-09-06,52.95947265625,53.9683375268526,52.53218798662743,53.70246949790362,1.3716E8
2018-09-07,52.53221130371094,53.49834632511703,52.3921579288213,52.66277106934216,1.504792E8
2018-09-10,51.827178955078125,52.66275761958361,51.385651983609314,52.44911343344167,1.58066E8
2018-09-11,53.13751983642578,53.24434012282994,51.40701743257789,51.75121774304983,1.42996E8
2018-09-12,52.47761917114258,53.41052120286217,52.185639047298,53.396278976749315,1.971148E8
2018-09-13,53.74521255493164,54.20573038490381,52.8336741244209,53.05918442469019,1.668256E8
2018-09-14,53.135135650634766,53.847275614715535,52.821795949947436,53.58853229707767,1.279972E8
2018-09-17,51.720367431640625,52.92388242440264,51.57556545351566,52.73397765638318,1.487804E8
2018-09-18,51.80581283569336,52.66275478606583,51.53994477094162,51.69898893730426,1.262868E8
2018-09-19,51.836669921875,52.13339492462811,51.10791519862168,51.867530481243364,1.084952E8
2018-09-20,52.23072052001953,52.764825513984114,52.02182496329803,52.280571913194,1.064352E8
2018-09-21,51.66813278198242,52.546438076470416,51.580299717041626,52.40875723884971,3.849868E8
2018-09-24,52.4111328125,52.522701711224435,51.423634686068496,51.46873746922922,1.107736E8
2018-09-25,52.743465423583984,52.89301599016302,52.15238788998584,52.16425761500714,9.82176E7
2018-09-26,52.32332229614258,53.113798480247574,52.1666505575705,52.46100319166353,9.59388E7
2018-09-27,53.39863967895508,53.75233724520771,53.063932950702444,53.130402694768456,1.207248E8
2018-09-28,53.586177825927734,53.60991365943574,53.177883819413225,53.36066386374117,9.17176E7
2018-10-01,53.94698715209961,54.45972891318769,53.730974066254866,54.11077996095819,9.44032E7
2018-10-02,54.42649841308594,54.597412341490745,53.79744271974337,53.944617193929446,9.91528E7
2018-10-03,55.08879089355469,55.42112152044148,54.54518854127222,54.60928217007616,1.146192E8
2018-10-04,54.12027359008789,55.155250651361975,53.82117243828827,54.78256227082808,1.28168E8
2018-10-05,53.241966247558594,54.21997445097182,52.3612883495571,54.11315416006722,1.34322E8
2018-10-08,53.1185302734375,53.36303141431904,52.2710818285735,52.74821800655406,1.186556E8
2018-10-09,53.854400634765625,53.94935481014939,52.75770616953607,53.08766423196535,1.07564E8
2018-10-10,51.35953903198242,53.73096663231739,51.28595180853307,53.51969856861734,1.679624E8
2018-10-11,50.906150817871094,52.104920790554,50.40053377621076,50.922769159935676,2.124976E8
2018-10-12,52.724483489990234,52.90726714421123,51.47348960186273,52.323310622604204,1.613516E8
2018-10-15,51.596927642822266,52.65801675259549,51.57556430770438,52.498972554275554,1.23164E8
2018-10-16,52.73396682739258,52.93336878503825,51.454488741312446,51.96960291912326,1.16736E8
2018-10-17,52.50608444213867,52.850284728611456,52.06692997938037,52.76957639536736,9.15416E7
2018-10-18,51.27882385253906,52.161877660310815,50.561935304911245,51.715602142669105,1.303252E8
2018-10-19,52.059810638427734,52.52270094439236,51.613535050045634,51.763085618946356,1.323148E8
2018-10-22,52.377906799316406,53.02120833120337,51.971988940539,52.17375981059053,1.151684E8
2018-10-23,52.87165069580078,52.995089320060046,50.96548943018461,51.233730011133105,1.550712E8
2018-10-24,51.05806350708008,53.22771656969038,50.92750378220276,52.84078963140297,1.63702E8
2018-10-25,52.176143646240234,52.551204616912834,51.45213365924987,51.68002013563128,1.194232E8
2018-10-26,51.34530258178711,52.26871077821082,50.483611890840734,51.25034839397748,1.890336E8
2018-10-29,50.38154602050781,52.15002677053585,48.92165645556463,52.03133673869327,1.83742E8
2018-10-30,50.633174896240234,51.07944701098182,49.67653340489314,50.12280551963473,1.4664E8
2018-10-31,51.952999114990234,52.330432534093326,51.42126648646341,51.48298761908578,1.534356E8
2018-11-01,52.750587463378906,52.78382052074504,51.46636070706696,51.998093247056666,2.332928E8
2018-11-02,49.25162124633789,50.7162560022907,48.7649913256799,49.74299978310752,3.653148E8
2018-11-05,47.85343933105469,48.5181041388236,47.04160006391353,48.49674080545637,2.646548E8
2018-11-06,48.370933532714844,48.59644385452974,47.877182596814855,47.93177899381314,1.275316E8
2018-11-07,49.83792495727539,49.86403689937419,48.456375388211434,48.89315367229048,1.336976E8
2018-11-08,49.664039611816406,50.052316589712134,49.24955594612284,50.01896757992779,1.014504E8
2018-11-09,48.70645523071289,49.07329444232742,48.17763247225067,48.96372065116238,1.374632E8
2018-11-12,46.252891540527344,47.605916175766964,46.1623712500842,47.40343772654492,2.04542E8
2018-11-13,45.790775299072266,46.96990552341727,45.60497313692189,45.647852516140325,1.875316E8
2018-11-14,44.49730682373047,46.326744644475866,44.290063151315046,46.18858340778887,2.43204E8
2018-11-15,45.595436096191406,45.728832117341675,44.521114701658874,44.87604625668075,1.859152E8
2018-11-16,46.10044860839844,46.44346911666456,45.130942788978146,45.37867780340927,1.477132E8
2018-11-19,44.273399353027344,45.42632677168079,44.06615927376372,45.2595816714244,1.677012E8
2018-11-20,42.158103942871094,43.227660519063384,41.80793745086848,42.48921333468925,2.713008E8
2018-11-21,42.1104621887207,42.941810448552935,42.05567529849002,42.81317593350857,1.244968E8
2018-11-23,41.04090118408203,42.06758187961476,40.99564466604918,41.67215527959916,9.4496E7
2018-11-26,41.595916748046875,41.67452589405013,40.55732880004065,41.505400099278255,1.79994E8
2018-11-27,41.50541305541992,41.63166315620087,40.705033069179756,40.85510181769542,1.655496E8
2018-11-28,43.101409912109375,43.18478063533533,41.669775718516014,42.09855138078,1.8425E8
2018-11-29,42.77029800415039,43.544474925068734,42.32961122602735,43.511125910789204,1.6708E8
2018-11-30,42.539222717285156,42.95608708615036,42.16999926362221,42.9465567222486,1.58126E8
2018-12-03,44.025657653808594,44.05424148532072,43.16572558637516,43.93990252450219,1.6321E8
2018-12-04,42.08902359008789,43.44681012414803,41.98897654386978,43.10378960296019,1.653772E8
2018-12-06,41.6197509765625,41.63404289180075,40.595454645505626,40.91465286839291,1.723936E8
2018-12-07,40.135711669921875,41.56496125249905,40.09045151824379,41.32675298873619,1.691264E8
2018-12-10,40.40013122558594,40.51685097237606,38.906564089522284,39.30437153494596,2.48104E8
2018-12-11,40.1690673828125,40.921802859456115,39.78078668497636,40.89083825164452,1.891268E8
2018-12-12,40.28102111816406,40.95276656961657,40.26196401982053,40.59068897062927,1.425108E8
2018-12-13,40.721710205078125,41.1076101421206,40.38822002222205,40.6121364170413,1.275944E8
2018-12-14,39.41872024536133,40.27627183552286,39.37107929807931,40.2572147296558,1.628148E8
2018-12-17,39.05186462402344,40.10236397402616,38.76363101611563,39.41155780558876,1.771516E8
2018-12-18,39.55925369262695,39.907035771348404,39.15906186292742,39.39488938586305,1.35366E8
2018-12-19,38.325340270996094,39.88798642404335,37.896564525398766,39.542585052646096,1.961892E8
2018-12-20,37.35820388793945,38.61594327850283,36.99374552105858,38.2086055324049,2.59092E8
2018-12-21,35.905128479003906,37.67501766531418,35.643101585053564,37.36534621358247,3.829784E8
2018-12-24,34.976131439208984,36.10047510896179,34.918960128370905,35.29056456189125,1.486768E8
2018-12-26,37.4391975402832,37.45348945651592,34.9499215677783,35.32629111257704,2.3433E8
2018-12-27,37.196224212646484,37.343915828787566,35.74792096197973,37.12238022196103,2.124684E8
2018-12-28,37.21528625488281,37.76078536424733,36.81509800649842,37.517811850716434,1.691656E8
2018-12-31,37.574974060058594,37.96087029681497,37.27482931167496,37.7631569952706,1.40014E8
2019-01-02,37.617855072021484,37.839390685649526,36.738865845414956,36.896084198987076,1.481588E8
2019-01-03,33.87083053588867,34.71170533997153,33.825570388313054,34.297221690076654,3.652488E8
2019-01-04,35.31676483154297,35.385847281021086,34.25435774125792,34.428248800159444,2.344284E8
2019-01-07,35.238155364990234,35.45254503587292,34.75459276161484,35.421576790854516,2.191112E8
2019-01-08,35.9099006652832,36.16478528700009,35.378697182298566,35.62643221113831,1.641012E8
2019-01-09,36.519710540771484,36.81032493088937,35.64310582188923,36.038528801184015,1.803964E8
2019-01-10,36.636436462402344,36.67693143634063,35.93610349421872,36.32676495224882,1.431228E8
2019-01-11,36.2767333984375,36.61260790888585,36.09093125111916,36.41727903070712,1.080928E8
2019-01-14,35.73124313354492,36.03376867647788,35.54544096003209,35.93372163187635,1.297568E8
2019-01-15,36.46254348754883,36.53876824774425,35.74315345783549,35.79555957068169,1.148436E8
2019-01-16,36.90799331665039,37.131909692527415,36.44586864895017,36.46492574846843,1.222788E8
2019-01-17,37.127140045166016,37.555915645850185,36.507797106981144,36.73171345593675,1.192848E8
2019-01-18,37.35581588745117,37.608316026404175,37.15571821442904,37.51779573705533,1.35004E8
2019-01-22,36.517330169677734,37.33438282804455,36.35534664867075,37.25815806827708,1.21576E8
2019-01-23,36.665016174316406,36.955630552057414,36.13619352857585,36.719803058220776,9.25224E7
2019-01-24,36.3744010925293,36.798411510579946,36.145723195146964,36.71027561625234,1.01766E8
2019-01-25,37.57973098754883,37.66787050882143,36.76029768744328,37.03661648601908,1.34142E8
2019-01-28,37.231956481933594,37.23910243985736,36.6030867412518,37.11046792768946,1.047684E8
2019-01-29,36.84605407714844,37.667875530253525,36.71027725105051,37.22004281201305,1.663488E8
2019-01-30,39.36391067504883,39.578296631776816,38.16810432243451,38.88749420696957,2.444392E8
2019-01-31,39.647396087646484,40.257208847200516,39.199563252136784,39.568786900470585,1.629584E8
2019-02-01,39.66645050048828,40.252440932753835,39.52590482913389,39.77126274294762,1.306724E8
2019-02-04,40.79317092895508,40.89083720323202,39.847483697513894,39.87845193930174,1.25982E8
2019-02-05,41.491111755371094,41.705501363894136,41.05519385105682,41.176678751547904,1.444064E8
2019-02-06,41.50541305541992,41.82223051192853,41.17430368331649,41.60307569024123,1.129584E8
2019-02-07,40.719322204589844,41.43394701369877,40.57639578886016,41.06710424288514,1.269668E8
2019-02-08,40.767173767089844,40.826981250352276,40.29110488619162,40.42746770020232,9.528E7
2019-02-11,40.53273010253906,40.95856278685329,40.48967046219642,40.920285117420185,8.39736E7
2019-02-12,40.88200759887695,40.9083230404144,40.59732336325164,40.6930175371876,8.9134E7
2019-02-13,40.71215057373047,41.262380181164986,40.649952101723166,41.00162041537065,8.99608E7
2019-02-14,40.860469818115234,40.97051353375331,40.52076378013357,40.599710089365466,8.73428E7
2019-02-15,40.76955795288086,41.07577192408644,40.60927436251219,40.96811920223984,9.85072E7
2019-02-19,40.891563415527344,41.013572995865594,40.54707543963872,40.59970630755749,7.58912E7
2019-02-20,41.154720306396484,41.463328928356844,40.90592281110477,40.953768062081025,1.044576E8
2019-02-21,40.92267608642578,41.23606674776949,40.74086263223082,41.09970756971313,6.89988E7
2019-02-22,41.379600524902344,41.386777130641946,40.999225819267565,41.0470710743179,7.56528E7
2019-02-25,41.6810188293457,42.07335566637891,41.614034758415016,41.66427463679207,8.74936E7
2019-02-26,41.704952239990234,41.93700555357512,41.42744465771321,41.556630858244425,6.82808E7
2019-02-27,41.83414077758789,41.865241839640916,41.3221888233918,41.43702182926786,1.113416E8
2019-02-28,41.422664642333984,41.84371169320655,41.367642775589275,41.70256689790694,1.128616E8
2019-03-01,41.858062744140625,41.90112238101423,41.36046403267698,41.692993502073456,1.035448E8
2019-03-04,42.06857681274414,42.52311213491494,41.6188234600239,42.03029915498957,1.097448E8
2019-03-05,41.99203109741211,42.10446946129772,41.755192142563,42.09011624894793,7.89496E7
2019-03-06,41.75040817260742,41.98246149544059,41.611654375939004,41.78629120176347,8.32416E7
2019-03-07,41.26716232299805,41.731268964485146,41.1523329803737,41.59490615420206,9.91856E7
2019-03-08,41.365234375,41.403512027211185,40.54945970774359,40.74562993755753,9.59976E7
2019-03-11,42.798240661621094,42.85087154765092,41.948977178710045,41.982469228878145,1.28044E8
2019-03-12,43.27907943725586,43.70012272136719,42.910663369594886,43.06137936548877,1.298704E8
2019-03-13,43.47047805786133,43.85085282185103,43.281484343433554,43.59966063135158,1.2413E8
2019-03-14,43.953712463378906,44.04223001659465,43.67381389321422,43.99438111199851,9.4318E7
2019-03-15,44.52546691894531,44.81493669824588,43.956102250709826,44.22164758035105,1.561716E8
2019-03-18,44.980010986328125,45.06852488941189,44.44652563165641,44.4489202671077,1.048792E8
2019-03-19,44.62355422973633,45.212061406706034,44.47762384055318,45.05895441234656,1.265856E8
2019-03-20,45.01350784301758,45.331684111556115,44.19294722407938,44.55179214569076,1.241408E8
2019-03-21,46.67136764526367,46.968014081984975,45.40823386690065,45.458473759949264,2.041368E8
2019-03-22,45.70487976074219,47.293366381352534,45.640286656263825,46.73117457458719,1.696308E8
2019-03-25,45.15226364135742,45.92736636997964,44.64031167663604,45.81492799755564,1.753812E8
2019-03-26,44.685760498046875,46.14267365946385,44.15706435578044,45.85081283010908,1.99202E8
2019-03-27,45.08766174316406,45.396266723051546,44.628340750814054,45.154645826401016,1.193936E8
2019-03-28,45.14747619628906,45.34842847704672,44.8627919733694,45.2024980623719,8.31216E7
2019-03-29,45.44171905517578,45.47282011048234,45.10440401800944,45.41301263511349,9.4256E7
2019-04-01,45.750335693359375,45.855593802161465,45.06613790916995,45.84602621058282,1.11448E8
2019-04-02,46.41539001464844,46.52065176331116,45.704876861533926,45.71444445215832,9.10628E7
2019-04-03,46.73356246948242,47.008675394600004,46.20725376869622,46.23117821886235,9.30872E7
2019-04-04,46.81489181518555,46.97756636756259,46.204854943055715,46.59958275130315,7.64572E7
2019-04-05,47.1282958984375,47.152220351422955,46.872318122857415,46.99671870773554,7.41064E7
2019-04-08,47.869895935058594,47.90099333428316,46.97038933483311,46.989528161471725,1.035268E8
2019-04-09,47.72636795043945,48.527789624287095,47.66177485141358,47.922538232533284,1.430728E8
2019-04-10,47.994300842285156,48.02301091221339,47.41057930864462,47.5301942573297,8.67812E7
2019-04-11,47.59479522705078,48.08521732787959,47.47278927333321,48.04933429748006,8.36032E7
2019-04-12,47.575645446777344,47.87946841889986,46.93929673517641,47.65459174584973,1.110428E8
2019-04-15,47.661773681640625,47.810098707258135,47.3699129010381,47.506275701150514,7.01464E7
2019-04-16,47.666561126708984,48.17372738438398,47.50149189935205,47.71680101561021,1.027856E8
2019-04-17,48.594764709472656,48.65457217703205,47.513444673898555,47.735926701047596,1.156272E8
2019-04-18,48.7694091796875,48.838784246833725,48.44884197912725,48.592377733679044,9.67832E7
2019-04-22,48.929691314697266,49.02777645010352,48.40577724792963,48.52300121344138,7.7758E7
2019-04-23,49.63542175292969,49.70001485209425,48.77897821899976,48.90576978194872,9.3292E7
2019-04-24,49.558876037597656,49.87465766525172,49.53256059776321,49.60672129628957,7.01624E7
2019-04-25,49.10912322998047,49.7024124764622,49.070845562372796,49.47993037791629,7.41728E7
2019-04-26,48.87466812133789,49.04212831722745,48.35314505372925,49.01820386766102,7.45964E7
2019-04-29,48.94883346557617,49.27418629872509,48.76941102781814,48.89859357684603,8.88188E7
2019-04-30,48.00626754760742,48.65936420628047,47.63306945693711,48.57802690966953,1.861396E8
2019-05-01,50.36267852783203,51.508588118959366,50.054069919017955,50.20957154101496,2.593092E8
2019-05-02,50.034934997558594,50.87223969563154,49.79092311380709,50.200004222093234,1.279852E8
2019-05-03,50.65692901611328,50.67845883004592,50.293298562586756,50.451191165476246,8.35696E7
2019-05-06,49.874664306640625,49.96078724389805,48.683300049879435,48.87229012450447,1.297724E8
2019-05-07,48.530181884765625,49.62106973967451,48.04454543751767,49.25265726776047,1.550548E8
2019-05-08,48.53975296020508,49.12347459298433,48.2646399916479,48.300523022204345,1.05358E8
2019-05-09,48.01823043823242,48.247889120119275,47.046957534876604,47.94167511069751,1.396344E8
2019-05-10,47.353004455566406,47.75406012156591,46.29394061405998,47.4106420537473,1.648348E8
2019-05-13,44.60088348388672,45.503850723802664,43.91165067654419,45.07878571600781,2.297224E8
2019-05-14,45.306922912597656,45.556678529738576,44.52643157045996,44.76658275265618,1.461188E8
2019-05-15,45.849666595458984,46.04899253088982,44.672927182991636,44.73296498290153,1.061788E8
2019-05-16,45.64793395996094,46.22189509870286,45.350145195668674,45.60710870157197,1.321256E8
2019-05-17,45.38857650756836,45.84486231886198,44.85063650384428,44.89146176785127,1.315164E8
2019-05-20,43.969276428222656,44.271869244843735,43.29445223308519,44.07254333586166,1.544492E8
2019-05-21,44.812217712402344,45.14842794409167,44.35592821006204,44.480807866582374,1.134592E8
2019-05-22,43.89482879638672,44.598473601720784,43.83959505554171,44.346314150465695,1.189944E8
2019-05-23,43.145565032958984,43.35689559500795,42.70128385170774,43.17918605404062,1.461188E8
2019-05-24,42.9798583984375,43.741137224471366,42.89580401689263,43.27524333356481,9.48588E7
2019-05-28,42.8021354675293,43.36889228876683,42.72528901035946,42.96784033583409,1.117928E8
2019-05-29,42.5980110168457,43.07110906280727,42.266601266123324,42.3674643066876,1.139248E8
2019-05-30,42.81895446777344,43.04229329759993,42.42750688692771,42.73490009226382,8.48736E7
2019-05-31,42.04328536987305,42.744526651420024,42.02407282819013,42.3218580632312,1.081744E8
2019-06-03,41.618202209472656,42.727699541313214,40.89054439256211,42.17055068266843,1.615844E8
2019-06-04,43.14076232910156,43.18639164436824,41.911189331844724,42.132128000763274,1.23872E8
2019-06-05,43.83720779418945,44.42558129133085,43.50099750818061,44.25507229058668,1.190936E8
2019-06-06,44.48080825805664,44.540846061702176,43.74354227036945,43.96688480542754,9.01052E7
2019-06-07,45.66474914550781,46.089817794904704,44.61288938289408,44.79059892540007,1.227376E8
2019-06-10,46.248321533203125,46.918341812285604,46.01777475391753,46.06340407118152,1.048836E8
2019-06-11,46.78386688232422,47.06964747113433,46.49328590664253,46.7958751783381,1.077316E8
2019-06-12,46.63495635986328,47.06242514996316,46.44283469068652,46.57731875978544,7.30128E7
2019-06-13,46.62535095214844,47.259349931934366,46.49327073235591,46.75743483635723,8.66984E7
2019-06-14,46.286739349365234,46.49086565193816,45.70076988896076,46.000958861346966,7.5046E7
2019-06-17,46.56290817260742,46.81987167221263,46.14984788508107,46.32515720549366,5.86764E7
2019-06-18,47.65800857543945,48.09988593799159,46.87992097277521,47.081647116842475,1.06204E8
2019-06-19,47.51871109008789,48.001417289602486,47.38422702047334,47.95338412381209,8.44968E7
2019-06-20,47.90056610107422,48.17673855068916,47.55714793558098,48.11910093611504,8.6056E7
2019-06-21,47.737247467041016,48.23436212898712,47.585951063072045,47.74205151629512,1.912024E8
2019-06-24,47.68922424316406,48.06866356701845,47.59076137478577,47.679616143391534,7.28816E7
2019-06-25,46.966373443603516,47.852528321808336,46.89912773419168,47.653202379709434,8.42812E7
2019-06-26,47.98220443725586,48.267984915495376,47.39383480439476,47.494697855935286,1.0427E8
2019-06-27,47.967803955078125,48.4072811086545,47.92697868915026,48.09988418890847,8.35988E7
2019-06-28,47.530723571777344,47.910162895592705,47.32179320695116,47.71323715885637,1.244424E8
2019-07-01,48.40247344970703,49.10851854004472,48.18633517839463,48.79151720788642,1.09012E8
2019-07-02,48.68586349487305,48.78192619669698,48.35685744411737,48.36886573989753,6.77408E7
2019-07-03,49.089298248291016,49.09650248975477,48.67623797042864,48.817926271770226,4.5448E7
2019-07-05,49.046077728271484,49.2502077106182,48.72667619789259,48.83474716761523,6.9062E7
2019-07-08,48.035037994384766,48.366444116802036,47.648394464551245,48.22475580612427,1.013544E8
2019-07-09,48.32802200317383,48.3928601796655,47.74445276383692,47.838111572074205,8.2312E7
2019-07-10,48.8059196472168,48.92599522826598,48.404867646242415,48.474513535323865,7.15884E7
2019-07-11,48.45050048828125,49.0844994559007,48.44089605343959,48.825135742181445,8.07672E7
2019-07-12,48.8227424621582,48.99084757881,48.55857466140774,48.61861246481315,7.03808E7
2019-07-15,49.28142547607422,49.43992247061237,48.99084093465787,49.01245366149268,6.77896E7
2019-07-16,49.110931396484375,49.497575061634855,48.87078014271184,49.132544129863746,6.74672E7
2019-07-17,48.834754943847656,49.252615746158796,48.81554240538023,49.002860074916335,5.643E7
2019-07-18,49.38949203491211,49.44232558710556,48.91879411475666,48.99084020087647,7.41624E7
2019-07-19,48.65222930908203,49.59122135314634,48.59699556073013,49.42071239377778,8.37172E7
2019-07-22,49.76413345336914,49.76653364625136,48.897187448726754,48.90679188467226,8.91116E7
2019-07-23,50.153160095214844,50.16997243289417,49.78092511836153,50.0619051594633,7.34208E7
2019-07-24,50.112342834472656,50.2276143668855,49.75211608931857,49.872191671036596,5.99664E7
2019-07-25,49.716094970703125,50.24923084765101,49.64644908110747,50.16517647452962,5.56384E7
2019-07-26,49.889015197753906,50.366913774922196,49.74492300161684,49.82657353603335,7.04756E7
2019-07-29,50.35490417480469,50.585450949759505,50.057119018324855,50.0619230685826,8.66936E7
2019-07-30,50.138763427734375,50.470173231130325,49.78574089744291,50.133959378063295,1.357428E8
2019-07-31,51.161808013916016,53.162267870594626,50.74394728765502,51.973520210453195,2.771256E8
2019-08-01,50.054710388183594,52.360163260236135,49.64885795831171,51.36833768054362,2.160716E8
2019-08-02,48.99564743041992,49.57440902069414,48.42168622562673,49.3582744127231,1.634484E8
2019-08-05,46.43083572387695,47.70603810831465,46.24832211693409,47.547541088998095,2.09572E8
2019-08-06,47.309783935546875,47.56674746508109,46.59893480823304,47.1440790298721,1.432992E8
2019-08-07,47.79969024658203,47.924569888809515,46.546104432236135,46.92794393689847,1.334576E8
2019-08-08,48.85395812988281,48.87797471627512,47.883748868949,48.07827075971028,1.08038E8
2019-08-09,48.451377868652344,48.878057823779244,48.041566775697305,48.52610700164048,9.84788E7
2019-08-12,48.32844161987305,48.70691333240439,48.007826510055274,48.121126724740485,8.99276E7
2019-08-13,50.37507247924805,51.13924382722564,48.328440715985266,48.45861715007124,1.88874E8
2019-08-14,48.87565231323242,49.76517772068569,48.83708124858087,48.974489287024824,1.461896E8
2019-08-15,48.632179260253906,49.451794151476854,48.133175768034526,49.04680900852128,1.089096E8
2019-08-16,49.77964401245117,49.93874690517136,49.13841381694695,49.244482412093745,1.104816E8
2019-08-19,50.707740783691406,51.2814697754722,50.630598649274816,50.77282532147355,9.76544E7
2019-08-20,50.710147857666016,51.43092947115553,50.700506930459206,50.83550198139012,1.075372E8
2019-08-21,51.259769439697266,51.50324237848759,51.00906488637231,51.34414318038667,8.61416E7
2019-08-22,51.21638107299805,51.69368603628519,50.80416064220066,51.392356495109624,8.90148E7
2019-08-23,48.8491325378418,51.117542118657454,48.45378834228211,50.48595292357212,1.87272E8
2019-08-26,49.777225494384766,49.94596928348397,49.43250262391042,49.62535424502612,1.041744E8
2019-08-27,49.21554946899414,50.27381861209073,49.06367821155097,50.10748412600324,1.034932E8
2019-08-28,49.54581069946289,49.59161338058128,49.01306210348635,49.20109145245917,6.37552E7
2019-08-29,50.38469696044922,50.45942975920625,49.81819976087389,50.26175586024465,8.3962E7
2019-08-30,50.31962585449219,50.73184262161653,49.94838578668579,50.66193578404583,8.45736E7
2019-09-03,49.586788177490234,49.89534933100552,49.23001503342677,49.762763598243694,8.0092E7
2019-09-04,50.428104400634766,50.49801123909702,49.9773165623172,50.23525274929369,7.67524E7
2019-09-05,51.41404724121094,51.580381723216085,50.98736361498107,51.10548610990879,9.56548E7
2019-09-06,51.409236907958984,51.688871647786236,51.22843915557166,51.59967926701052,7.74492E7
2019-09-09,51.62859344482422,52.17580887510335,50.881298453119484,51.790105623789486,1.092376E8
2019-09-10,52.23849105834961,52.25777659132172,51.03558582572097,51.55387119036651,1.271116E8
2019-09-11,53.899417877197266,53.92834801499549,52.48678481296726,52.56874924533317,1.771584E8
2019-09-12,53.77888870239258,54.58163109690055,53.723445092923804,54.19110916164671,1.289068E8
2019-09-13,52.732669830322266,53.22443802421354,52.31563077428485,53.03399937220982,1.590532E8
2019-09-16,53.00989532470703,53.06534261277984,52.445807264794794,52.48678764401857,8.46324E7
2019-09-17,53.202735900878906,53.231666034212545,52.82185497064391,53.024351190624856,7.32748E7
2019-09-18,53.701751708984375,53.72103724287658,52.89900929262635,53.289531238509916,1.0136E8
2019-09-19,53.26542282104492,53.94039806160679,53.12319247975443,53.518536697086034,8.82424E7
2019-09-20,52.486778259277344,53.65111592552939,52.42410304549557,53.36666263412895,2.216524E8
2019-09-23,52.72543716430664,52.99542725138611,52.467497315991096,52.78088076897352,7.6662E7
2019-09-24,52.474727630615234,53.634246745759036,52.35660880961368,53.28229223810173,1.247632E8
2019-09-25,53.28229522705078,53.3955954303575,52.344557829154596,52.68445843907475,8.76136E7
2019-09-26,53.00748062133789,53.260598164531714,52.75195376608397,53.03399776735513,7.5334E7
2019-09-27,52.74955749511719,53.265433635622564,52.37831735909542,53.16418365064213,1.01408E8
2019-09-30,53.99101638793945,54.138065335435286,53.22443220446224,53.250949348382434,1.039096E8
2019-10-01,54.140480041503906,55.015542199716855,54.04646537248146,54.25619323286931,1.392232E8
2019-10-02,52.783294677734375,53.89700748465291,52.53499575177782,53.771653365611186,1.384492E8
2019-10-03,53.231685638427734,53.26543440779715,51.86003265773515,52.655539889777046,1.14426E8
2019-10-04,54.723846435546875,54.83955961178945,53.97172918166322,54.39359048107541,1.384788E8
2019-10-07,54.73591613769531,55.42776769120126,54.44181816701661,54.54547745750485,1.22306E8
2019-10-08,54.09468078613281,54.976974614844835,54.077808243619614,54.43699440099302,1.1182E8
2019-10-09,54.72867965698242,54.91188670507885,54.39360133372778,54.72867965698242,7.47704E7
2019-10-10,55.466331481933594,55.55070522641308,54.79376555162797,54.945633142016156,1.130136E8
2019-10-11,56.941646575927734,57.28636583098088,56.00149613077123,56.15577672015505,1.667956E8
2019-10-14,56.859676361083984,57.40448251068551,56.570400745177686,56.62584434929446,9.64276E7
2019-10-15,56.72710037231445,57.288775444714695,56.62103177686635,56.98503656730013,8.736E7
2019-10-16,56.49808120727539,56.707809064497546,56.21603720446529,56.2570175797448,7.39032E7
2019-10-17,56.71744155883789,56.92716570654091,56.29317096166324,56.6716388878824,6.75852E7
2019-10-18,56.98986053466797,57.271904574434195,56.4788030760689,56.55112290947193,9.74336E7
2019-10-21,57.97821044921875,58.09392363627501,57.2092205842307,57.257432573001324,8.72472E7
2019-10-22,57.84563064575195,58.38561082629201,57.76366621548646,58.13490626794685,8.22936E7
2019-10-23,58.62185287475586,58.6363197826314,58.149370210984436,58.36150738642255,7.58288E7
2019-10-24,58.71828079223633,59.012378721892325,58.29159712735194,58.94246820770864,6.92752E7
2019-10-25,59.44146728515625,59.4776253564704,58.549532635464736,58.617030154143734,7.34772E7
2019-10-28,60.03689956665039,60.08511155841157,59.475220850701646,59.64396466103537,9.65728E7
2019-10-29,58.64837646484375,60.20564933333659,58.47481401300021,60.01761997202817,1.428396E8
2019-10-30,58.641143798828125,59.1329157183175,58.14696624531369,59.00273928384229,1.24522E8
2019-10-31,59.96697998046875,60.06581693954802,57.19474857267122,59.60056595584194,1.39162E8
2019-11-01,61.66889190673828,61.69540537152853,60.06340744821985,60.15500911493345,1.511252E8
2019-11-04,62.073883056640625,62.15825679620855,61.56282935184472,62.03289900370376,1.03272E8
2019-11-05,61.98469161987305,62.24021847609193,61.78943067043556,61.965402409963275,7.98976E7
2019-11-06,62.01121139526367,62.071477308175155,61.56042354375438,61.89791118472293,7.58644E7
2019-11-07,62.72688674926758,62.94933434483692,62.407725695140925,62.56005289728155,9.49404E7
2019-11-08,62.8985710144043,62.97110427509854,62.10308848788708,62.54797637059694,6.99864E7
2019-11-11,63.396644592285156,63.46192451885535,62.44883495649142,62.45366804701967,8.18212E7
2019-11-12,63.338623046875,63.53931071404151,63.087169472284955,63.23948933085243,8.73888E7
2019-11-13,63.945499420166016,64.02045290680651,63.12342392301058,63.13793057340782,1.027344E8
2019-11-14,63.50303649902344,64.04463783041759,63.37246925707495,63.77141692988812,8.91828E7
2019-11-15,64.2574234008789,64.26225649264472,63.59250803416043,63.75450146412467,1.002064E8
2019-11-18,64.5813980102539,64.66118458335217,63.88746954632591,64.26707005063002,8.67032E7
2019-11-19,64.38556671142578,64.79902108588207,64.16795953427855,64.7748408709178,7.61672E7
2019-11-20,63.63602066040039,64.3347823464585,62.96143180915073,64.20422247493808,1.062344E8
2019-11-21,63.350711822509766,63.83428656745313,63.150024171249854,63.756912837358584,1.213952E8
2019-11-22,63.29508590698242,63.63358668763961,63.06780523023468,63.49093305074707,6.53252E7
2019-11-25,64.40489959716797,64.42182648371684,63.47401676092239,63.5199569508323,8.40204E7
2019-11-26,63.90198516845703,64.59591372981953,63.46918371629935,64.54272021403051,1.052076E8
2019-11-27,64.76034545898438,64.79419924156393,64.1486235459084,64.21390349675437,6.52356E7
2019-11-29,64.61767578125,64.79901631197382,64.29126135019413,64.46051546370906,4.66176E7
2019-12-02,63.870548248291016,64.85945763961855,63.69888129319268,64.6225033766023,9.44872E7
2019-12-03,62.73173904418945,62.75107878804116,61.96769003365425,62.456097887636844,1.144304E8
2019-12-04,63.285438537597656,63.665046567427005,63.029144456267865,63.12344509424204,6.71816E7
2019-12-05,64.2138900756836,64.28885095304722,63.52480193558771,63.781095971846014,7.44244E7
2019-12-06,65.45425415039062,65.52437455083492,64.62975836745419,64.67328570010923,1.060756E8
2019-12-09,64.53787994384766,65.47600862349609,64.05188502996313,65.28258170328826,1.280424E8
2019-12-10,64.91508483886719,65.2995259255182,64.28159564264737,64.94409814672522,9.04204E7
2019-12-11,65.46875762939453,65.54855158642515,64.91990300522136,64.99485649287783,7.87568E7
2019-12-12,65.6355972290039,65.90156481108771,64.63460135668024,64.74582148054621,1.373104E8
2019-12-13,66.52777862548828,66.56404524719223,65.50743585522513,65.63558283775463,1.335876E8
2019-12-16,67.66661834716797,67.89148623744535,66.9702768320452,66.97510992369841,1.28186E8
2019-12-17,67.79960632324219,68.12843364836294,67.41032476881718,67.59650579088537,1.141584E8
2019-12-18,67.63758850097656,68.15985004368967,67.48768152995748,67.65209515115492,1.160284E8
2019-12-19,67.70530700683594,67.98578128422166,67.44660008937991,67.57958021163519,9.83692E7
2019-12-20,67.56507873535156,68.34121430473067,67.35230462042438,68.2396677181851,2.75978E8
2019-12-23,68.66761016845703,68.72805700839405,67.78992087196913,67.82860773498058,9.8572E7
2019-12-24,68.7328872680664,68.88280162309742,68.40648024886319,68.83444120163395,4.84788E7
2019-12-26,70.09658813476562,70.11351502418024,68.83687780880562,68.86589111707863,9.31212E7
2019-12-27,70.06997680664062,71.07823338522084,69.66377579633756,70.38913790563515,1.46266E8
2019-12-30,70.48584747314453,70.76874192675591,68.96259007950816,69.98776610931984,1.441144E8
2019-12-31,71.0008773803711,71.00813070812417,70.00229411335332,70.10142784515646,1.008056E8
2020-01-02,72.62083435058594,72.68128119000231,71.37321069958021,71.62708447362316,1.354804E8
2020-01-03,71.9148178100586,72.67644657227763,71.68995732022762,71.84711763961168,1.463228E8
2020-01-06,72.48783874511719,72.52652560345562,70.7832410162985,71.0347019061165,1.183872E8
2020-01-07,72.14691925048828,72.75380038336598,71.92689191208954,72.49750642408024,1.08872E8
2020-01-08,73.30751037597656,73.60974457641883,71.8495328881936,71.8495328881936,1.320792E8
2020-01-09,74.86461639404297,75.05804331745496,74.03528757623693,74.28674110091968,1.701084E8
2020-01-10,75.03385925292969,75.59964810131231,74.53094485063419,75.0991465547697,1.406448E8
2020-01-13,76.63691711425781,76.66351755996668,75.23213318778205,75.3506140079616,1.21532E8
2020-01-14,75.6020736694336,76.78441745974806,75.47876712733354,76.57406362681236,1.619544E8
2020-01-15,75.27808380126953,76.28392021153914,74.84528231468065,75.40139772921896,1.219236E8
2020-01-16,76.2210464477539,76.33227394816954,75.45941772509225,75.82209877195635,1.088292E8
2020-01-17,77.06490325927734,77.06731611579798,76.16303357048375,76.47010092249148,1.378164E8
2020-01-21,76.54261779785156,77.13499233659138,76.40479724710379,76.69252476374683,1.108432E8
2020-01-22,76.81584930419922,77.36953706088629,76.7215486894379,77.02861598860008,1.018324E8
2020-01-23,77.18578338623047,77.26556997023165,76.3201804851689,76.86904252755714,1.04472E8
2020-01-24,76.96333312988281,78.17710300745777,76.772319051517,77.43240119345582,1.465376E8
2020-01-27,74.7002182006836,75.38205304274135,73.71614173787451,74.96859866575934,1.6194E8
2020-01-28,76.81343078613281,76.98509775416542,75.48360024038988,75.58273394834251,1.62234E8
2020-01-29,78.42131805419922,79.2699941203994,77.70562947444549,78.44791850299463,2.162292E8
2020-01-30,78.30767822265625,78.36087174184341,77.06972800749904,77.50252948730524,1.267432E8
2020-01-31,74.83561706542969,78.01995284367814,74.54063615595594,77.59682491329659,1.995884E8
2020-02-03,74.63008880615234,75.79791852993898,73.07297758859362,73.57589206005755,1.737884E8
2020-02-04,77.09390258789062,77.28491667175436,75.83177225101083,76.23797325215806,1.366164E8
2020-02-05,77.7225570678711,78.52287271376575,77.11808861152979,78.22305134186004,1.188268E8
2020-02-06,78.63167572021484,78.63409595534088,77.43483255655748,77.99336084201738,1.054256E8
2020-02-07,77.56288146972656,78.37963781389738,77.07088835875925,78.13000598707711,1.17684E8
2020-02-10,77.93124389648438,77.93124389648438,76.06506702253098,76.14504296724274,1.093488E8
2020-02-11,77.46106719970703,78.50079892091712,77.242943577511,78.42809351227764,9.43232E7
2020-02-12,79.30059051513672,79.30543507665523,77.91185812540034,77.91185812540034,1.137304E8
2020-02-13,78.73590087890625,79.06309005719272,78.36751442858379,78.57109699820505,9.47476E7
2020-02-14,78.75526428222656,79.0048959887249,78.24630435157947,78.70436311176876,8.01136E7
2020-02-18,77.31321716308594,77.494988049833,76.24924802244713,76.43101890919421,1.525312E8
2020-02-19,78.43293762207031,78.6631837418977,77.55559118024817,77.55559118024817,9.3984E7
2020-02-20,77.6282958984375,78.68256868592816,77.12176183559734,78.19300168361448,1.00566E8
2020-02-21,75.87117004394531,77.66464882542346,75.25315194781216,77.22112369135226,1.29554E8
2020-02-24,72.26726531982422,73.7214326099496,70.09813688315359,72.04429714392029,2.221952E8
2020-02-25,69.81941223144531,73.3215345796045,69.34681232251152,72.93860713253768,2.306736E8
2020-02-26,70.927001953125,72.19455366055257,69.43648208910632,69.4437526290761,1.980548E8
2020-02-27,66.29063415527344,69.31530465753468,66.15491247212168,68.12773623181833,3.206056E8
2020-02-28,66.25186157226562,67.4757902084099,62.134146685522694,62.34985172812334,4.2651E8
2020-03-02,72.41995239257812,73.05736355673497,67.30855537364073,68.41372189685545,3.413972E8
2020-03-03,70.11994171142578,73.6778022281249,69.26682558358837,73.59782628927844,3.194756E8
2020-03-04,73.37242126464844,73.53238053099778,71.04333387511636,71.8455487891952,2.191784E8
2020-03-05,70.99244689941406,72.59929546384136,70.62647911575432,71.62258011074542,1.875728E8
2020-03-06,70.04965209960938,70.4834806861114,68.15923783954538,68.34585328692468,2.261768E8
2020-03-09,64.50927734375,67.39821841408887,63.74098916297546,63.922760044618926,2.867448E8
2020-03-10,69.15533447265625,69.42193323548972,65.28482634158217,67.16797734192903,2.8529E8
2020-03-11,66.75353240966797,68.15680559462812,65.88830129483978,67.228565607775,2.555988E8
2020-03-12,60.161312103271484,65.43751580172635,60.10557006973383,62.02991834834593,4.18474E8
2020-03-13,67.369140625,67.8417479064298,61.30526258468153,64.19905949793468,3.70732E8
2020-03-16,58.702308654785156,62.79093727126344,58.166688768527365,58.63929237514396,3.224236E8
2020-03-17,61.28346252441406,62.43467470181221,57.77891741086091,59.98682842744822,3.24056E8
2020-03-18,59.783233642578125,60.59029684026707,57.46868356365228,58.110942929042054,3.002336E8
2020-03-19,59.325172424316406,61.278603044823406,58.79924908019055,59.95773528488038,2.718572E8
2020-03-20,55.55888366699219,61.03382237097015,55.258354443077174,59.906840554892725,4.016932E8
2020-03-23,54.37858200073242,55.379534953760505,51.52841558126917,55.27774369215165,3.367528E8
2020-03-24,59.834129333496094,60.030441297697976,56.78522524370463,57.28448868306697,2.875312E8
2020-03-25,59.5045280456543,62.58978535507417,59.20884706003286,60.77207619664994,3.03602E8
2020-03-26,62.63582992553711,62.69399424747682,59.70810614809417,59.74688482814629,2.520872E8
2020-03-27,60.042564392089844,62.012958412771816,59.875334574134676,61.25679266007546,2.042168E8
2020-03-30,61.75605773925781,61.92813582111078,60.44488273934441,60.76964956297266,1.679764E8
2020-03-31,61.630027770996094,63.61738886653712,61.07502225152622,61.94752404866054,1.97002E8
2020-04-01,58.38723373413086,60.280073989764986,57.9558311223944,59.74203186534972,1.762184E8
2020-04-02,59.36152267456055,59.41484243057951,57.415362674282804,58.24908573406499,1.65934E8
2020-04-03,58.5084228515625,59.54815085540586,57.91706088463897,58.845304798537626,1.2988E8
2020-04-06,63.612545013427734,63.76765233671357,60.440037765372786,60.80842412991893,2.018204E8
2020-04-07,62.875755310058594,65.84953154055276,62.77154178413321,65.6314005748614,2.028872E8
2020-04-08,64.48503875732422,64.80010532216062,63.312011573340016,63.67797191329824,1.688952E8
2020-04-09,64.95039367675781,65.454509254812,64.15303043241806,65.1224755019142,1.618348E8
2020-04-13,66.22520446777344,66.33426997710056,64.4268809310659,65.02793942933454,1.310228E8
2020-04-14,69.56978607177734,69.86062249775517,67.38853506577631,67.8611424089209,1.949948E8
2020-04-15,68.93478393554688,69.39526866678374,68.01381447307317,68.44279106966171,1.311544E8
2020-04-16,69.4825439453125,69.8485117816668,68.43069705947066,69.64977379131028,1.571252E8
2020-04-17,68.53974914550781,69.54555411214668,67.1001229261611,68.99781539542603,2.1525E8
2020-04-20,67.11707305908203,68.2682885484201,67.09768742099124,67.36428617146147,1.300152E8
2020-04-21,65.04246520996094,67.19463355650954,64.3299227872178,66.95954292864836,1.809916E8
2020-04-22,66.91593933105469,67.35218660120425,65.9707319815453,66.3124548186049,1.168624E8
2020-04-23,66.65660095214844,68.28526852206619,66.61782227235553,66.86018347385354,1.248144E8
2020-04-24,68.5809555053711,68.59065202523993,67.13405870953471,67.18253391260136,1.261612E8
2020-04-27,68.6294174194336,68.96145104694212,67.84901413734978,68.29737639564895,1.170876E8
2020-04-28,67.51697540283203,69.27409398731281,67.42488436575898,69.09232309926307,1.120048E8
2020-04-29,69.7345962524414,70.2047776093199,68.80393005840862,69.00751259495229,1.372808E8
2020-04-30,71.20569610595703,71.3826223912063,69.88483240246467,70.27503026645908,1.83064E8
2020-05-01,70.05935668945312,72.46600172757337,69.27895329807433,69.37589630273538,2.406168E8
2020-05-04,71.05061340332031,71.17906454911665,69.39286360998993,70.08359453961356,1.33568E8
2020-05-05,72.11701202392578,72.95073530482605,71.36569067940447,71.51110890677606,1.477512E8
2020-05-06,72.86105346679688,73.49361268962589,72.43449536031221,72.81984880576161,1.423336E8
2020-05-07,73.61479187011719,73.96137402305452,73.1858151892616,73.48876670304365,1.152152E8
2020-05-08,75.366943359375,75.42040745275091,73.94772346356687,74.27579824490549,1.338384E8
2020-05-11,76.55286407470703,77.04861391058948,74.66461535055964,74.87361403597093,1.459464E8
2020-05-12,75.67801666259766,77.69019956686239,75.5565080151993,77.2381835420649,1.623012E8
2020-05-13,74.76424407958984,76.78129139682004,73.68524706080568,75.85782153784702,2.006224E8
2020-05-14,75.22357177734375,75.28432609802991,73.27700096934342,74.0011951417901,1.589292E8
2020-05-15,74.77884674072266,74.8250206182074,72.95621710200552,72.99024308175176,1.663484E8
2020-05-18,76.54073333740234,76.9149820882663,75.41313682455909,76.10573767259497,1.351784E8
2020-05-19,76.09841918945312,77.40584566107081,76.06682576285114,76.5577178990512,1.017296E8
2020-05-20,77.57840728759766,77.64887695753947,76.91982513329616,76.95870878721165,1.115048E8
2020-05-21,77.0000228881836,77.98181472796601,76.76186329555514,77.43988355018321,1.026888E8
2020-05-22,77.49578094482422,77.57840592683334,76.6354977307433,76.73756083121987,8.18032E7
2020-05-26,76.97085571289062,78.79591020427941,76.91495907592241,78.61607981377851,1.25522E8
2020-05-27,77.30622100830078,77.4520328550853,76.08627697001077,76.82748410104101,1.129452E8
2020-05-28,77.3402328491211,78.60149285636655,76.70352889805483,76.9805646816368,1.335608E8
2020-05-29,77.26493072509766,78.04501428017177,76.90769495227487,77.58328283504785,1.535324E8
2020-06-01,78.21511840820312,78.33662705652523,77.08751459195024,77.21874600870194,8.07912E7
2020-06-02,78.57719421386719,78.60149742135009,77.50548728566115,77.9477804464378,8.76428E7
2020-06-03,79.0097885131836,79.27225136733202,78.32447790282927,78.89800262449812,1.044912E8
2020-06-04,78.32931518554688,79.1312690763083,77.95506657558614,78.83236263047952,8.75604E7
2020-06-05,80.56023406982422,80.62098839416043,78.55048369064991,78.5796445797234,1.372504E8
2020-06-08,81.03654479980469,81.07057078079636,79.54442247076808,80.25646136244434,9.56544E7
2020-06-09,83.59552001953125,83.98920686535521,80.68417746439864,80.71577090052271,1.477124E8
2020-06-10,85.74620819091797,86.21522971767824,84.1058417038533,84.54570234634012,1.666516E8
2020-06-11,81.62950134277344,85.31364412865861,81.52743824020874,84.88836389660872,2.016624E8
2020-06-12,82.33424377441406,84.52139908925585,81.22122799958797,83.77290920023673,2.00146E8
2020-06-15,83.35247039794922,84.0061872854727,80.82266035452612,80.98548514822723,1.388088E8
2020-06-16,85.56153106689453,85.83371668323046,83.7729272287711,85.41086152161019,1.654288E8
2020-06-17,85.44244384765625,86.36833908315948,85.32093520870518,86.30758476368395,1.144064E8
2020-06-18,85.47645568847656,85.89444563398415,84.8664800486173,85.39868839249898,9.68204E7
2020-06-19,84.98802185058594,86.65025951555643,83.87743086073023,86.1836703901088,2.64476E8
2020-06-22,87.21160888671875,87.35498818998958,85.33551521428704,85.38168909015546,1.354452E8
2020-06-23,89.0731201171875,90.49477263698164,88.03786416864946,88.4582867176972,2.121556E8
2020-06-24,87.50080108642578,89.62234460688504,87.12655239933392,88.7013070407747,1.926232E8
2020-06-25,88.66242218017578,88.70130583433298,86.89568925164441,87.65633451294114,1.375224E8
2020-06-26,85.93820190429688,88.77907450051282,85.78995750703652,88.55792788577938,2.052568E8
2020-06-29,87.9188003540039,88.01358066282918,85.36711865011787,85.84586303787991,1.30646E8
2020-06-30,88.65267944335938,88.93944540113674,87.48619974659033,87.5056378611411,1.402232E8
2020-07-01,88.4850082397461,89.27481431029784,88.43640923902939,88.73045803796369,1.107372E8
2020-07-02,88.4850082397461,90.03060182197771,88.37079725072775,89.39389780709443,1.140416E8
2020-07-06,90.85199737548828,91.3210188724847,89.88478608277487,89.91637951083226,1.186556E8
2020-07-07,90.57011413574219,92.01120488127154,90.45832825923631,91.23112145924068,1.124244E8
2020-07-08,92.67948913574219,92.71108256542591,91.46197031782751,91.54946038589766,1.17092E8
2020-07-09,93.07804870605469,93.62726270349853,92.02821230000306,93.5737986064413,1.256428E8
2020-07-10,93.2408676147461,93.29919680465662,92.05980720131565,92.67220807313528,9.02572E7
2020-07-13,92.81073760986328,97.1631783276675,92.59688119999984,94.54830981555456,1.916492E8
2020-07-14,94.34658813476562,94.53856641947361,91.25540846734508,92.19101893190584,1.709892E8
2020-07-15,94.99543762207031,96.47541172354836,93.79493186330134,96.22510426302838,1.53198E8
2020-07-16,93.82654571533203,94.6843964625213,93.22629270528407,93.8654293721476,1.105776E8
2020-07-17,93.63699340820312,94.43408983970495,93.16310671610415,94.27856262727252,9.21868E7
2020-07-20,95.61029052734375,95.74881216241437,93.37939358732925,93.72448140194915,9.0318E7
2020-07-21,94.29071807861328,96.4778739103337,94.04041054119061,96.40253913610066,1.034332E8
2020-07-22,94.55558776855469,95.23846569726479,93.90430327124304,93.9917859277632,8.90016E7
2020-07-23,90.25174713134766,94.36602737751309,89.4400704095434,94.28826007791201,1.970044E8
2020-07-24,90.02816772460938,90.37325548035092,86.65508713174927,88.44613048133,1.854388E8
2020-07-27,92.16187286376953,92.2542206187511,90.8690265429245,91.09259829217558,1.21214E8
2020-07-28,90.64785766601562,91.90911765979025,90.64299257507496,91.73171241529057,1.036256E8
2020-07-29,92.38543701171875,92.57013249165894,91.09501603040513,91.13146713399918,9.03292E7
2020-07-30,93.50333404541016,93.60782969927278,91.1484959328642,91.55676319653618,1.5813E8
2020-07-31,103.29206848144531,103.4427380109372,98.00886768351042,100.01133514701584,3.743368E8
2020-08-03,105.89476776123047,108.51935112132352,104.87895742584206,105.1778638999422,3.081512E8
2020-08-04,106.60195922851562,107.69553697101213,105.36013709111648,106.08433124379282,1.730716E8
2020-08-05,106.98834228515625,107.30912682898914,105.85588103165973,106.32247740598919,1.217768E8
2020-08-06,110.72109985351562,111.2168571833951,106.73076025201287,107.32129046502143,2.024288E8
2020-08-07,108.20376586914062,110.69918395823287,107.40523237781791,110.24148657363267,1.980456E8
2020-08-10,109.7764892578125,110.7965681078349,107.12038961467015,109.65232461053742,2.124036E8
2020-08-11,106.51174926757812,109.53789844079104,106.25125017767719,109.03881778751953,1.879024E8
2020-08-12,110.0516128540039,110.30967505809963,107.41011951581187,107.60488092014668,1.65598E8
2020-08-13,111.99922943115234,113.00470146799744,110.94506334020708,111.43441109413642,2.10082E8
2020-08-14,111.89942932128906,111.98950664875923,110.08568325260936,111.82395872639943,1.655652E8
2020-08-17,111.6072769165039,113.04853640766869,110.97916514281515,113.0241893774422,1.195616E8
2020-08-18,112.53726959228516,112.96331658371079,111.02297655985981,111.35894623327408,1.056336E8
2020-08-19,112.67847442626953,114.09538682492261,112.58353067113143,112.9462768876478,1.45538E8
2020-08-20,115.17876434326172,115.2931886914799,112.7028193742301,112.71986303729176,1.269072E8
2020-08-21,121.11419677734375,121.5986706526925,116.12822744023912,116.14039723854333,3.380548E8
2020-08-24,122.5627670288086,125.41363550271217,120.69303108379322,125.32841718543504,3.459376E8
2020-08-25,121.55729675292969,121.90300674261194,119.83119859572422,121.43313953220415,2.114956E8
2020-08-26,123.21037292480469,123.66807037859338,121.80806709697056,122.87684013317619,1.630224E8
2020-08-27,121.73746490478516,124.1476723660599,120.59078438962894,123.81413958938536,1.555524E8
2020-08-28,121.54027557373047,123.13246897997037,121.31629327483492,122.71372527916922,1.8763E8
2020-08-31,125.66195678710938,127.5706540266875,122.7015450943712,124.2401853001041,2.257027E8
2020-09-01,130.6674041748047,131.27118380524524,127.11296048915095,129.28457897882038,1.519481E8
2020-09-02,127.9601821899414,134.36793159802133,123.67537209267218,133.9881416796695,2.00119E8
2020-09-03,117.71556091308594,125.46718052250692,117.34551135279557,123.58771183000317,2.575996E8
2020-09-04,117.7934799194336,120.46174947786696,107.98709503336387,116.92677914209935,3.326072E8
2020-09-08,109.86656188964844,115.87503988575807,109.73022744851274,110.96697771586362,2.313666E8
2020-09-09,114.2487564086914,116.02111152579629,112.24268617440501,114.19032948681344,1.769405E8
2020-09-10,110.51903533935547,117.3455283202875,109.55495382599455,117.20919386101103,1.822744E8
2020-09-11,109.06802368164062,112.21347084794252,107.12038040161133,111.57074499929149,1.808603E8
2020-09-14,112.34007263183594,112.89515070723368,109.84709144123131,111.71682733418477,1.401501E8
2020-09-15,112.5153579711914,115.71923219486175,110.6358818287243,115.23232135411556,1.84642E8
2020-09-16,109.19463348388672,112.96332644603498,109.10699308995494,112.21348694471548,1.54679E8
2020-09-17,107.45148468017578,109.26279366804528,105.86415795625577,106.847719970666,1.78011E8
2020-09-18,104.0431137084961,107.97735452695603,103.31274738543307,107.50992424081115,2.871049E8
2020-09-21,107.19831085205078,107.30543184974553,100.40103108135007,101.80333692050233,1.957138E8
2020-09-22,108.88301849365234,109.90553440635527,106.30239653909264,109.73024617645395,1.830554E8
2020-09-23,104.31578826904297,109.17515670886098,103.97494471367466,108.69798613288378,1.507187E8
2020-09-24,105.3869857788086,107.36384264511429,102.25127870963266,102.41682661585128,1.677433E8
2020-09-25,109.3406982421875,109.49651327893982,104.85137965372228,105.591486218956,1.499814E8
2020-09-28,111.9505615234375,112.30113799176213,109.82762954510333,111.9992555889103,1.376724E8
2020-09-29,111.10331726074219,112.29138095636048,110.59693323178644,111.55128179324593,9.93822E7
2020-09-30,112.77830505371094,114.19035118127651,110.64564027362456,110.8111882035102,1.426752E8
2020-10-01,113.73265075683594,114.63830534270079,112.79778270524493,114.56039781431716,1.161204E8
2020-10-02,110.06132507324219,112.3498120079921,109.28227217240111,109.93473092714387,1.44712E8
2020-10-05,113.4502182006836,113.59629292893594,110.57744740695462,110.9280237828925,1.062438E8
2020-10-06,110.19767761230469,113.0801892267211,109.31149621483338,112.6711784272963,1.614982E8
2020-10-07,112.06739807128906,112.52509543882869,111.14226303933226,111.61944100062698,9.6849E7
2020-10-08,111.96027374267578,113.35283896768823,111.59021676910432,113.20676423757683,8.34772E7
2020-10-09,113.90794372558594,113.93715719252894,111.91160594820737,112.26218241086576,1.005069E8
2020-10-12,121.14341735839844,121.90299707303168,116.15744772819468,116.91702744282793,2.402268E8
2020-10-13,117.92979431152344,122.10748986841068,116.51775596294262,121.99062860169265,2.623305E8
2020-10-14,118.01746368408203,119.8092921898273,116.48856378941026,117.83243516871921,1.50712E8
2020-10-15,117.55004119873047,118.02721185161973,115.05705950074574,115.61213768911489,1.125592E8
2020-10-16,115.90426635742188,118.36804173088585,115.69976467276356,118.10510568656042,1.153938E8
2020-10-19,112.94385528564453,117.26761901216874,112.6322326077899,116.81966187710711,1.206393E8
2020-10-20,114.43379211425781,115.8653112278617,112.60300253020057,113.15808061203983,1.244237E8
2020-10-21,113.81055450439453,115.60238301966777,113.40154370880339,113.61578568990575,8.9946E7
2020-10-22,112.71986389160156,114.94991651803686,111.59022713214819,114.37535784081969,1.01988E8
2020-10-23,112.02845764160156,113.49893059893087,111.28835101391871,113.34311554903111,8.25726E7
2020-10-26,112.0381851196289,113.49891761177703,109.92498646777234,111.02540970017918,1.118507E8
2020-10-27,113.54762268066406,114.20982181518612,111.54155210976087,112.46667986652261,9.22768E7
2020-10-28,108.28897094726562,112.4082400407623,108.19159026240904,112.03819046643926,1.439378E8
2020-10-29,112.30111694335938,113.86897045793137,109.26279059723784,109.42834593101287,1.461292E8
2020-10-30,106.01022338867188,109.05828242027559,104.90006732324844,108.152628005886,1.902726E8
2020-11-02,105.92259216308594,107.78259533653008,104.51055354833466,106.25369543303232,1.228669E8
2020-11-03,107.54885864257812,108.57136685299777,105.8836246173212,106.78927899207523,1.076244E8
2020-11-04,111.94080352783203,112.56404883306527,109.40886854661319,111.15201031363652,1.382355E8
2020-11-05,115.91400146484375,116.48856015953854,113.81055035278919,114.86227219398131,1.263871E8
2020-11-06,115.78231811523438,116.27981870511474,113.28502829338409,115.42137974783128,1.144579E8
2020-11-09,113.47036743164062,119.00146077117734,113.20698522415755,117.54796519416685,1.545153E8
2020-11-10,113.12894439697266,114.7092525422394,111.33401722344382,112.71923542912484,1.380234E8
2020-11-11,116.56269836425781,116.69926800957136,113.58742258565564,114.31904887518712,1.12295E8
2020-11-12,116.28955841064453,117.57722037517925,115.66523790920269,116.68951768570216,1.031623E8
2020-11-13,116.33833312988281,116.73828495095879,114.98238638204919,116.5139237310225,8.15819E7
2020-11-16,117.35286712646484,118.02595829386176,115.25553681069077,116.0066699066951,9.1183E7
2020-11-17,116.46515655517578,117.71379763887923,116.0456904933859,116.62124041188267,7.4271E7
2020-11-18,115.13849639892578,116.88464581939557,115.10923253060614,115.70428932807029,7.63221E7
2020-11-19,115.73353576660156,116.14324474635212,113.94836564306064,114.7092558747369,7.4113E7
2020-11-20,114.46537780761719,115.86034568136424,114.41660718303845,115.73353312647382,7.36043E7
2020-11-23,111.06087493896484,114.7385207767759,110.96332625053886,114.30929761671617,1.279593E8
2020-11-24,112.34854888916016,113.01189046027503,109.83175227147532,111.1194218881883,1.138742E8
2020-11-25,113.18748474121094,113.88984730295674,112.34855250829112,112.71924799503968,7.64992E7
2020-11-27,113.7337417602539,114.61169479519093,113.37281088768742,113.71423500058307,4.66913E7
2020-11-30,116.13349914550781,118.00646092624498,113.94836962549256,114.1044534951316,1.694102E8
2020-12-01,119.71358489990234,120.44521126709455,117.06997585287974,118.04547767580269,1.277282E8
2020-12-02,120.06478118896484,120.34767764614222,117.9284295476018,119.03074406626739,8.90042E7
2020-12-03,119.92821502685547,120.74763311235886,119.21609531136755,120.49400051530282,7.89676E7
2020-12-04,119.25509643554688,119.85015313585949,118.54297683857845,119.59652058101604,7.82604E7
2020-12-07,120.71834564208984,121.51825680642276,119.25509296764027,119.3136206930221,8.6712E7
2020-12-08,121.3329086303711,121.91821565194306,120.0745104419721,121.32315897116939,8.22255E7
2020-12-09,118.7966079711914,122.86444868955574,118.03571775825858,121.47923792024274,1.150892E8
2020-12-10,120.2208480834961,120.83541902329915,117.2065508848971,117.54797505007178,8.13122E7
2020-12-11,119.41117858886719,119.75260272945025,117.5967446503537,119.4306853501199,8.69398E7
2020-12-14,118.7966079711914,120.32814549895028,118.56248962317086,119.596519149209,7.91845E7
2020-12-15,124.74717712402344,124.76669132932152,121.08904509194299,121.29389959264086,1.572437E8
2020-12-16,124.67888641357422,125.22516505635238,123.45950912702416,124.28869163586886,9.82086E7
2020-12-17,125.54708099365234,126.40552735664411,124.90324622140852,125.74217838024781,9.43598E7
2020-12-18,123.55706024169922,125.93728698989182,123.03028838222276,125.80071733474844,1.925415E8
2020-12-21,125.08858489990234,125.16662682589052,120.42568773818081,121.95722518388207,1.212516E8
2020-12-22,128.64918518066406,131.11720360206039,126.47380539818704,128.38579552066017,1.689048E8
2020-12-23,127.7517318725586,129.18570593208332,127.57613379518217,128.92233114348466,8.82237E7
2020-12-24,128.73699951171875,130.19050284332158,127.8883175389933,128.1029291687596,5.49301E7
2020-12-28,133.34136962890625,133.97543996952834,130.23926555506839,130.7075172282758,1.244862E8
2020-12-29,131.56593322753906,135.38989879452387,131.04891842415702,134.66803693280866,1.210473E8
2020-12-30,130.444091796875,132.6584848793838,130.13192410023277,132.2585255999266,9.64521E7
