Price,Close,High,Low,Open,Volume
Ticker,AMZN,AMZN,AMZN,AMZN,AMZN
Date,,,,,
2018-01-02,59.45050048828125,59.5,58.5255012512207,58.599998474121094,53890000
2018-01-03,60.209999084472656,60.27450180053711,59.415000915527344,59.415000915527344,62176000
2018-01-04,60.47949981689453,60.79349899291992,60.233001708984375,60.25,60442000
2018-01-05,61.457000732421875,61.457000732421875,60.5,60.8754997253418,70894000
2018-01-08,62.34349822998047,62.65399932861328,61.60150146484375,61.79999923706055,85590000
2018-01-09,62.6349983215332,62.96649932861328,62.0880012512207,62.845001220703125,73226000
2018-01-10,62.71649932861328,62.71649932861328,61.86149978637695,62.25749969482422,53720000
2018-01-11,63.83399963378906,63.8385009765625,62.823001861572266,62.98699951171875,62500000
2018-01-12,65.26000213623047,65.28800201416016,63.669498443603516,63.669498443603516,108874000
2018-01-16,65.24299621582031,66.99700164794922,64.61499786376953,66.1500015258789,144414000
2018-01-17,64.75,65.69999694824219,64.04399871826172,65.61199951171875,105076000
2018-01-18,64.66600036621094,65.2300033569336,64.20099639892578,64.69750213623047,80538000
2018-01-19,64.72899627685547,65.6500015258789,64.64949798583984,65.5999984741211,91570000
2018-01-22,66.3655014038086,66.37249755859375,64.83300018310547,64.8584976196289,82802000
2018-01-23,68.12699890136719,68.24500274658203,66.86699676513672,66.90450286865234,103386000
2018-01-24,67.87550354003906,69.40799713134766,66.9000015258789,68.74099731445312,136150000
2018-01-25,68.89749908447266,68.91699981689453,67.88099670410156,68.4000015258789,95060000
2018-01-26,70.10250091552734,70.12650299072266,69.04550170898438,69.60050201416016,97146000
2018-01-29,70.88400268554688,71.56950378417969,70.02200317382812,70.45899963378906,114038000
2018-01-30,71.89099884033203,71.9625015258789,69.5999984741211,70.15850067138672,117438000
2018-01-31,72.54450225830078,73.62899780273438,72.50199890136719,72.56500244140625,128494000
2018-02-01,69.5,72.99400329589844,69.25700378417969,72.25,182276000
2018-02-02,71.49749755859375,74.9000015258789,70.69999694824219,73.86949920654297,222514000
2018-02-05,69.5,72.9489974975586,66.03600311279297,70.13099670410156,229900000
2018-02-06,72.14199829101562,72.19950103759766,67.5895004272461,68.072998046875,221336000
2018-02-07,70.83899688720703,73.04949951171875,70.75749969482422,72.44999694824219,143254000
2018-02-08,67.5250015258789,71.6875,67.49700164794922,71.48400115966797,171572000
2018-02-09,66.9800033569336,69.17500305175781,63.29650115966797,68.67449951171875,282830000
2018-02-12,69.3115005493164,69.69049835205078,67.20050048828125,68.2334976196289,134778000
2018-02-13,70.72550201416016,70.98600006103516,69.17649841308594,69.29650115966797,118358000
2018-02-14,72.55249786376953,72.60299682617188,70.16799926757812,70.3125,119184000
2018-02-15,73.08799743652344,73.4469985961914,71.84200286865234,73.34449768066406,113054000
2018-02-16,72.43450164794922,73.29000091552734,72.3280029296875,72.86849975585938,89452000
2018-02-20,73.4175033569336,74.4384994506836,72.32450103759766,72.32450103759766,129984000
2018-02-21,74.14600372314453,75.17449951171875,73.94599914550781,74.25,126088000
2018-02-22,74.26699829101562,75.12699890136719,73.78800201416016,74.76799774169922,97162000
2018-02-23,75.0,75.0,74.32499694824219,74.76699829101562,88362000
2018-02-26,76.09750366210938,76.14199829101562,75.3499984741211,75.45999908447266,99100000
2018-02-27,75.5989990234375,76.33899688720703,75.3604965209961,76.2249984741211,96176000
2018-02-28,75.62249755859375,76.43499755859375,75.5999984741211,75.97550201416016,90300000
2018-03-01,74.67250061035156,75.92449951171875,73.25,75.68000030517578,136704000
2018-03-02,75.01249694824219,75.05249786376953,72.75050354003906,73.45500183105469,131752000
2018-03-05,76.18049621582031,76.26899719238281,74.05000305175781,74.71199798583984,104678000
2018-03-06,76.88200378417969,77.10649871826172,76.4000015258789,76.66000366210938,91234000
2018-03-07,77.25,77.29499816894531,76.12550354003906,76.32599639892578,83482000
2018-03-08,77.59300231933594,77.74400329589844,77.26249694824219,77.5,77252000
2018-03-09,78.94450378417969,78.9469985961914,77.9540023803711,78.17500305175781,90686000
2018-03-12,79.91950225830078,80.2665023803711,79.33499908447266,79.62999725341797,103484000
2018-03-13,79.40899658203125,80.87699890136719,78.90049743652344,80.7979965209961,130638000
2018-03-14,79.55000305175781,80.3219985961914,79.54450225830078,79.8499984741211,85188000
2018-03-15,79.11599731445312,79.84549713134766,78.90550231933594,79.75,81394000
2018-03-16,78.58399963378906,79.47200012207031,78.375,79.17250061035156,108500000
2018-03-19,77.24649810791016,78.08300018310547,76.26750183105469,77.72650146484375,131616000
2018-03-20,79.32550048828125,79.3499984741211,77.27050018310547,77.51699829101562,91632000
2018-03-21,79.09300231933594,79.5,78.15850067138672,79.32250213623047,95016000
2018-03-22,77.24600219726562,78.69249725341797,77.12000274658203,78.27349853515625,126412000
2018-03-23,74.77799987792969,77.45099639892578,74.76799774169922,76.95050048828125,160120000
2018-03-26,77.79299926757812,77.84950256347656,74.9625015258789,76.5,112494000
2018-03-27,74.85250091552734,78.79850006103516,74.11599731445312,78.62000274658203,139992000
2018-03-28,71.57099914550781,72.79499816894531,69.30850219726562,72.3499984741211,274106000
2018-03-29,72.36699676513672,72.77349853515625,68.26000213623047,70.30000305175781,251622000
2018-04-02,68.59950256347656,71.06800079345703,67.75,70.88099670410156,209272000
2018-04-03,69.60250091552734,70.69999694824219,67.7665023803711,69.56900024414062,204624000
2018-04-04,70.52850341796875,70.76950073242188,67.64399719238281,67.91200256347656,139646000
2018-04-05,72.5875015258789,72.97799682617188,71.35350036621094,72.09950256347656,128270000
2018-04-06,70.2614974975586,72.625,70.01300048828125,71.49849700927734,117646000
2018-04-09,70.30400085449219,71.92400360107422,70.12850189208984,71.25150299072266,84164000
2018-04-10,71.81099700927734,71.91899871826172,70.78500366210938,71.59950256347656,85082000
2018-04-11,71.35250091552734,72.43900299072266,71.24449920654297,71.97200012207031,71650000
2018-04-12,72.42500305175781,72.60600280761719,71.75299835205078,71.9749984741211,62700000
2018-04-13,71.53949737548828,72.98899841308594,71.22599792480469,72.45700073242188,73706000
2018-04-16,72.07499694824219,72.3499984741211,71.3740005493164,72.25,56172000
2018-04-17,75.19149780273438,75.3594970703125,72.85099792480469,73.11499786376953,102288000
2018-04-18,76.39199829101562,76.69000244140625,75.20549774169922,75.73249816894531,104550000
2018-04-19,77.84549713134766,78.4260025024414,76.9530029296875,77.16100311279297,130474000
2018-04-20,76.37449645996094,78.05999755859375,75.80449676513672,78.05999755859375,110832000
2018-04-23,75.89299774169922,77.4000015258789,75.17050170898438,77.33450317382812,89308000
2018-04-24,73.00450134277344,76.9749984741211,72.42250061035156,76.79000091552734,149894000
2018-04-25,73.00849914550781,73.49949645996094,70.7509994506836,72.9000015258789,131746000
2018-04-26,75.89800262451172,76.47100067138672,73.92500305175781,74.25050354003906,176022000
2018-04-27,78.63099670410156,81.90499877929688,78.36949920654297,81.70050048828125,261064000
2018-04-30,78.30650329589844,79.80000305175781,78.0469970703125,79.125,109282000
2018-05-01,79.11299896240234,79.25,77.60900115966797,78.16100311279297,91442000
2018-05-02,78.48400115966797,79.42500305175781,78.31800079345703,79.04900360107422,87206000
2018-05-03,78.60399627685547,78.73999786376953,77.3010025024414,78.00050354003906,85038000
2018-05-04,79.04750061035156,79.24500274658203,78.1094970703125,78.12249755859375,68872000
2018-05-07,80.00700378417969,80.34750366210938,79.3915023803711,79.46700286865234,76038000
2018-05-08,79.61949920654297,79.84400177001953,79.12550354003906,79.75,61358000
2018-05-09,80.4000015258789,80.4000015258789,79.5999984741211,80.0,72746000
2018-05-10,80.4540023803711,80.77999877929688,80.1719970703125,80.42400360107422,56350000
2018-05-11,80.14550018310547,80.55500030517578,79.89450073242188,80.54949951171875,45278000
2018-05-14,80.0770034790039,80.55899810791016,80.00250244140625,80.19999694824219,50190000
2018-05-15,78.80599975585938,79.38999938964844,78.26100158691406,79.38999938964844,101550000
2018-05-16,79.36399841308594,79.72149658203125,78.83350372314453,78.875,51412000
2018-05-17,79.08799743652344,79.7020034790039,78.6500015258789,79.02799987792969,42952000
2018-05-18,78.71849822998047,79.17949676513672,78.6050033569336,79.06649780273438,52852000
2018-05-21,79.27300262451172,79.60250091552734,78.75,79.25,58504000
2018-05-22,79.06999969482422,79.49449920654297,78.76249694824219,79.49449920654297,42312000
2018-05-23,80.09300231933594,80.09300231933594,78.31700134277344,78.55249786376953,67238000
2018-05-24,80.15350341796875,80.41200256347656,79.41899871826172,79.90149688720703,68600000
2018-05-25,80.50749969482422,80.70600128173828,80.02249908447266,80.1500015258789,53968000
2018-05-29,80.64350128173828,81.0895004272461,80.00749969482422,80.0354995727539,76930000
2018-05-30,81.24449920654297,81.30000305175781,80.64649963378906,80.90499877929688,58148000
2018-05-31,81.48100280761719,81.75,81.06749725341797,81.1500015258789,63326000
2018-06-01,82.0770034790039,82.33650207519531,81.75450134277344,81.85150146484375,66268000
2018-06-04,83.26349639892578,83.28399658203125,82.27449798583984,82.44499969482422,63754000
2018-06-05,84.81749725341797,84.94999694824219,83.50299835205078,83.64949798583984,95644000
2018-06-06,84.7874984741211,85.7249984741211,84.32350158691406,85.22550201416016,109464000
2018-06-07,84.46499633789062,84.99500274658203,83.80549621582031,84.9280014038086,75314000
2018-06-08,84.19950103759766,84.47200012207031,83.65049743652344,84.05599975585938,59102000
2018-06-11,84.45600128173828,84.71199798583984,84.02950286865234,84.07550048828125,46710000
2018-06-12,84.9375,84.97550201416016,84.57599639892578,84.6500015258789,45184000
2018-06-13,85.24299621582031,85.6875,85.00599670410156,85.1405029296875,66550000
2018-06-14,86.19300079345703,86.23999786376953,85.44349670410156,85.67400360107422,63488000
2018-06-15,85.79850006103516,86.04350280761719,85.4260025024414,85.69999694824219,95552000
2018-06-18,86.18949890136719,86.33699798583984,85.12799835205078,85.31300354003906,62154000
2018-06-19,86.73899841308594,86.80549621582031,85.01950073242188,85.4520034790039,85802000
2018-06-20,87.50399780273438,88.14649963378906,87.06800079345703,87.125,86652000
2018-06-21,86.51100158691406,88.15499877929688,85.87799835205078,88.0,98822000
2018-06-22,85.78350067138672,87.1500015258789,85.59500122070312,87.13099670410156,81502000
2018-06-25,83.15750122070312,85.25,82.31549835205078,85.12550354003906,150224000
2018-06-26,84.55449676513672,85.07849884033203,83.16699981689453,83.61849975585938,87732000
2018-06-27,83.02549743652344,85.59750366210938,83.0,85.40550231933594,97444000
2018-06-28,85.07250213623047,85.2750015258789,83.05850219726562,83.62699890136719,90594000
2018-06-29,84.98999786376953,86.17050170898438,84.71600341796875,85.8499984741211,90870000
2018-07-02,85.68900299072266,85.69450378417969,83.90299987792969,84.13500213623047,63714000
2018-07-03,84.697998046875,86.25,84.6240005493164,86.197998046875,43546000
2018-07-05,84.98650360107422,85.53450012207031,84.10749816894531,85.26899719238281,59662000
2018-07-06,85.53150177001953,85.76349639892578,84.58350372314453,84.80000305175781,53006000
2018-07-09,86.95099639892578,86.97799682617188,85.8115005493164,86.20249938964844,60240000
2018-07-10,87.15350341796875,87.5,86.55000305175781,86.92649841308594,60058000
2018-07-11,87.75,87.8479995727539,86.69999694824219,86.89949798583984,64196000
2018-07-12,89.83100128173828,89.9000015258789,88.10900115966797,88.22550201416016,90654000
2018-07-13,90.65149688720703,90.76499938964844,89.7614974975586,90.19650268554688,87664000
2018-07-16,91.12449645996094,92.09750366210938,90.72250366210938,91.09750366210938,109324000
2018-07-17,92.19650268554688,92.58450317382812,89.86900329589844,90.5780029296875,113658000
2018-07-18,92.14600372314453,92.94400024414062,91.5634994506836,92.4000015258789,97238000
2018-07-19,90.64849853515625,92.05000305175781,90.5634994506836,91.4729995727539,93538000
2018-07-20,90.68499755859375,91.74199676513672,90.50299835205078,91.25050354003906,77688000
2018-07-23,90.0999984741211,90.94999694824219,88.49949645996094,90.6104965209961,77770000
2018-07-24,91.46199798583984,92.0,90.46900177001953,91.45050048828125,85574000
2018-07-25,93.18049621582031,93.19200134277344,91.13200378417969,91.46499633789062,74764000
2018-07-26,90.4000015258789,92.23400115966797,90.2249984741211,91.94999694824219,198488000
2018-07-27,90.8635025024414,94.00250244140625,90.32649993896484,93.80249786376953,193620000
2018-07-30,88.96099853515625,91.4749984741211,88.3010025024414,91.36650085449219,131246000
2018-07-31,88.87200164794922,90.09149932861328,86.96600341796875,89.32450103759766,114774000
2018-08-01,89.8584976196289,89.9219970703125,88.8010025024414,89.19999694824219,83062000
2018-08-02,91.71649932861328,91.8280029296875,89.30000305175781,89.4384994506836,87094000
2018-08-03,91.16449737548828,92.05000305175781,91.07499694824219,91.88700103759766,69210000
2018-08-06,92.38749694824219,92.38849639892578,90.94599914550781,91.29049682617188,67836000
2018-08-07,93.1240005493164,93.48600006103516,92.3134994506836,92.72650146484375,67550000
2018-08-08,94.32599639892578,94.57550048828125,92.7249984741211,93.05000305175781,79260000
2018-08-09,94.9260025024414,95.72850036621094,93.8740005493164,94.0999984741211,97208000
2018-08-10,94.31500244140625,94.9749984741211,93.9104995727539,94.42549896240234,72798000
2018-08-13,94.80999755859375,96.25,94.68350219726562,94.92500305175781,110630000
2018-08-14,95.98249816894531,96.05049896240234,95.0,95.96949768066406,79722000
2018-08-15,94.13099670410156,95.81050109863281,93.489501953125,95.47750091552734,154014000
2018-08-16,94.32599639892578,95.25,94.17749786376953,95.1969985961914,79142000
2018-08-17,94.11100006103516,94.4000015258789,92.77749633789062,94.29000091552734,82086000
2018-08-20,93.83550262451172,94.5875015258789,93.3030014038086,94.52850341796875,57240000
2018-08-21,94.1709976196289,94.88749694824219,93.72049713134766,94.0,62112000
2018-08-22,95.24500274658203,95.29000091552734,93.83200073242188,93.83200073242188,61610000
2018-08-23,95.1449966430664,95.9749984741211,95.03800201416016,95.3584976196289,71260000
2018-08-24,95.26950073242188,95.80049896240234,95.12699890136719,95.52549743652344,56018000
2018-08-27,96.38400268554688,96.38500213623047,95.46399688720703,95.75,71380000
2018-08-28,96.64099884033203,97.08899688720703,96.44100189208984,96.8864974975586,62014000
2018-08-29,99.90499877929688,99.93450164794922,97.4469985961914,97.67250061035156,130636000
2018-08-30,100.11900329589844,101.27850341796875,99.34500122070312,99.87100219726562,145546000
2018-08-31,100.635498046875,101.11900329589844,100.23699951171875,100.3499984741211,84088000
2018-09-04,101.97550201416016,102.5250015258789,100.6500015258789,101.32499694824219,114422000
2018-09-05,99.74099731445312,102.01899719238281,99.49449920654297,101.90550231933594,164412000
2018-09-06,97.91549682617188,100.375,96.760498046875,100.32550048828125,149774000
2018-09-07,97.60350036621094,98.76000213623047,96.86750030517578,96.93550109863281,97852000
2018-09-10,96.95050048828125,98.6520004272461,96.57599639892578,98.55000305175781,90896000
2018-09-11,99.35749816894531,99.44400024414062,95.8499984741211,96.41349792480469,100672000
2018-09-12,99.5,100.0,98.12200164794922,99.69999694824219,88280000
2018-09-13,99.49349975585938,100.43800354003906,99.10150146484375,100.0,72430000
2018-09-14,98.5094985961914,99.68250274658203,97.96099853515625,99.64649963378906,72840000
2018-09-17,95.40149688720703,97.84100341796875,94.37049865722656,97.73650360107422,141004000
2018-09-18,97.05249786376953,97.91000366210938,95.77200317382812,95.93250274658203,85374000
2018-09-19,96.32099914550781,97.04149627685547,95.24500274658203,97.0250015258789,81136000
2018-09-20,97.21499633789062,97.75,96.61250305175781,96.92900085449219,63098000
2018-09-21,95.75050354003906,97.8655014038086,95.5250015258789,97.71099853515625,137118000
2018-09-24,96.71800231933594,96.84400177001953,93.25,95.18949890136719,84274000
2018-09-25,98.72750091552734,98.79550170898438,96.94249725341797,97.1449966430664,90768000
2018-09-26,98.74250030517578,99.76249694824219,98.07599639892578,98.42500305175781,86270000
2018-09-27,100.64900207519531,100.80799865722656,99.42900085449219,99.66200256347656,86588000
2018-09-28,100.1500015258789,101.32599639892578,99.822998046875,100.22049713134766,81702000
2018-10-01,100.21800231933594,101.65950012207031,100.18000030517578,101.09950256347656,69210000
2018-10-02,98.56549835205078,100.66950225830078,98.28849792480469,99.99949645996094,108014000
2018-10-03,97.63800048828125,99.48500061035156,97.4905014038086,99.08499908447266,105062000
2018-10-04,95.47100067138672,97.80000305175781,94.82849884033203,97.44999694824219,145140000
2018-10-05,94.48249816894531,96.4540023803711,93.1415023803711,95.89949798583984,136446000
2018-10-08,93.22100067138672,95.0999984741211,91.53299713134766,93.69999694824219,147864000
2018-10-09,93.51599884033203,94.83399963378906,92.61599731445312,92.99949645996094,95458000
2018-10-10,87.76249694824219,92.9280014038086,87.72049713134766,92.89450073242188,219778000
2018-10-11,85.96800231933594,87.7699966430664,84.25499725341797,86.19999694824219,278718000
2018-10-12,89.43049621582031,90.44750213623047,87.12650299072266,90.4000015258789,188892000
2018-10-15,88.04750061035156,89.75250244140625,86.71150207519531,89.75,128744000
2018-10-16,90.99800109863281,91.19400024414062,88.07749938964844,89.17500305175781,117198000
2018-10-17,91.58650207519531,92.25,90.3499984741211,92.1395034790039,105904000
2018-10-18,88.53600311279297,91.50749969482422,88.39350128173828,91.07450103759766,117480000
2018-10-19,88.20149993896484,90.45500183105469,87.6500015258789,89.25800323486328,118144000
2018-10-22,89.46499633789062,90.4749984741211,87.80000305175781,89.19999694824219,90000000
2018-10-23,88.43499755859375,88.81700134277344,85.69999694824219,87.11199951171875,134478000
2018-10-24,83.20999908447266,88.885498046875,82.8280029296875,88.68499755859375,138568000
2018-10-25,89.1084976196289,89.7405014038086,84.60050201416016,85.16699981689453,205714000
2018-10-26,82.1405029296875,84.9229965209961,80.1500015258789,82.47949981689453,299276000
2018-10-29,76.94400024414062,83.28700256347656,74.75,83.0,277322000
2018-10-30,76.52100372314453,77.04949951171875,73.81800079345703,74.30799865722656,249202000
2018-10-31,79.90049743652344,81.19550323486328,78.25450134277344,78.49949645996094,187804000
2018-11-01,83.27649688720703,83.52249908447266,79.9219970703125,81.17649841308594,162710000
2018-11-02,83.27649688720703,84.87200164794922,82.59149932861328,83.92949676513672,139110000
2018-11-05,81.38999938964844,82.90450286865234,79.81800079345703,82.87850189208984,112494000
2018-11-06,82.1405029296875,83.25,80.72750091552734,80.9175033569336,85148000
2018-11-07,87.77449798583984,87.96150207519531,83.2040023803711,83.6500015258789,163844000
2018-11-08,87.74549865722656,89.19999694824219,86.25550079345703,87.75,130698000
2018-11-09,85.62149810791016,87.19599914550781,85.09349822998047,86.625,118044000
2018-11-12,81.84249877929688,85.42749786376953,81.50050354003906,84.91200256347656,136124000
2018-11-13,81.55850219726562,83.85299682617188,80.6875,82.4645004272461,118666000
2018-11-14,79.95050048828125,83.6500015258789,79.85350036621094,82.81600189208984,129738000
2018-11-15,80.97200012207031,81.24099731445312,77.32550048828125,79.05049896240234,168546000
2018-11-16,79.67050170898438,80.7239990234375,78.65599822998047,79.375,121322000
2018-11-19,75.614501953125,79.05950164794922,75.16799926757812,78.85050201416016,155800000
2018-11-20,74.77300262451172,76.73750305175781,71.0,71.875,217576000
2018-11-21,75.83650207519531,77.5,75.75,77.14949798583984,114336000
2018-11-23,75.10299682617188,76.80999755859375,75.09049987792969,75.8499984741211,54152000
2018-11-26,79.06649780273438,79.2405014038086,76.21099853515625,76.94999694824219,125154000
2018-11-27,79.07099914550781,79.88249969482422,77.90049743652344,78.79949951171875,115664000
2018-11-28,83.88749694824219,84.07250213623047,80.06099700927734,80.69599914550781,169174000
2018-11-29,83.67849731445312,84.49949645996094,82.61650085449219,83.74949645996094,132264000
2018-11-30,84.50849914550781,84.80000305175781,83.32499694824219,83.9749984741211,115236000
2018-12-03,88.61799621582031,88.91699981689453,86.5,88.4729995727539,137246000
2018-12-04,83.41999816894531,88.51699829101562,83.25,87.80000305175781,173890000
2018-12-06,84.95950317382812,85.05249786376953,80.49250030517578,80.74349975585938,175788000
2018-12-07,81.45649719238281,85.94650268554688,81.27300262451172,85.25350189208984,151522000
2018-12-10,82.05149841308594,82.89949798583984,79.54350280761719,81.19200134277344,149896000
2018-12-11,82.16200256347656,83.97350311279297,80.9800033569336,83.9000015258789,124894000
2018-12-12,83.177001953125,85.24949645996094,83.01349639892578,83.44999694824219,131960000
2018-12-13,82.91899871826172,84.60600280761719,82.07499694824219,84.0,105426000
2018-12-14,79.59549713134766,82.12850189208984,79.25,81.9000015258789,127344000
2018-12-17,76.04550170898438,78.80650329589844,75.25050354003906,78.30000305175781,176596000
2018-12-18,77.5739974975586,78.37750244140625,76.15049743652344,77.0,130460000
2018-12-19,74.75399780273438,79.22650146484375,74.15899658203125,77.15249633789062,175844000
2018-12-20,73.04149627685547,75.4749984741211,71.6344985961914,74.19999694824219,199836000
2018-12-21,68.87249755859375,74.0,68.197998046875,73.24949645996094,272806000
2018-12-24,67.197998046875,69.80149841308594,65.3499984741211,67.30000305175781,144400000
2018-12-26,73.54499816894531,73.65799713134766,68.15049743652344,68.44450378417969,208236000
2018-12-27,73.08200073242188,73.44999694824219,69.5155029296875,72.70999908447266,194440000
2018-12-28,73.9010009765625,75.67350006103516,72.44999694824219,73.6675033569336,176580000
2018-12-31,75.09850311279297,76.03800201416016,74.3499984741211,75.54000091552734,139090000
2019-01-02,76.95649719238281,77.66799926757812,73.04650115966797,73.26000213623047,159662000
2019-01-03,75.01399993896484,76.9000015258789,74.85549926757812,76.00050354003906,139512000
2019-01-04,78.76950073242188,79.69999694824219,75.91549682617188,76.5,183652000
2019-01-07,81.47550201416016,81.72799682617188,79.45950317382812,80.1155014038086,159864000
2019-01-08,82.8290023803711,83.83049774169922,80.83049774169922,83.2344970703125,177628000
2019-01-09,82.97100067138672,83.38999938964844,82.06999969482422,82.64900207519531,126976000
2019-01-10,82.81099700927734,83.1624984741211,81.08100128173828,82.05049896240234,130154000
2019-01-11,82.02799987792969,83.0145034790039,81.81099700927734,82.02749633789062,93724000
2019-01-14,80.8604965209961,82.41000366210938,79.75749969482422,80.75,120118000
2019-01-15,83.72799682617188,83.75800323486328,81.30049896240234,81.5999984741211,119970000
2019-01-16,84.18900299072266,85.25,83.79399871826172,84.21099853515625,127338000
2019-01-17,84.66100311279297,85.00849914550781,83.875,84.0,84178000
2019-01-18,84.80999755859375,85.80999755859375,84.5770034790039,85.5999984741211,120410000
2019-01-22,81.6084976196289,84.09349822998047,80.51000213623047,84.05000305175781,128336000
2019-01-23,82.0009994506836,82.87149810791016,80.5999984741211,82.80000305175781,104504000
2019-01-24,82.74649810791016,82.86299896240234,81.58899688720703,82.05349731445312,81798000
2019-01-25,83.52850341796875,84.17400360107422,83.08049774169922,83.5250015258789,98918000
2019-01-28,81.89450073242188,82.25,80.70449829101562,82.17949676513672,96754000
2019-01-29,79.69400024414062,81.61900329589844,79.53600311279297,81.5634994506836,92656000
2019-01-30,83.52149963378906,83.84750366210938,80.98400115966797,81.1500015258789,115676000
2019-01-31,85.9365005493164,86.82050323486328,83.9540023803711,84.64250183105469,218206000
2019-02-01,81.3115005493164,83.65299987792969,81.10050201416016,81.94400024414062,230124000
2019-02-04,81.66549682617188,82.48149871826172,80.67500305175781,81.1500015258789,98582000
2019-02-05,82.94049835205078,83.26300048828125,82.125,82.16699981689453,89062000
2019-02-06,82.01300048828125,83.61299896240234,81.66699981689453,83.5374984741211,78798000
2019-02-07,80.71849822998047,81.2770004272461,79.64550018310547,81.25,92532000
2019-02-08,79.41100311279297,79.42949676513672,78.33799743652344,79.30000305175781,113150000
2019-02-11,79.55000305175781,80.4645004272461,79.30000305175781,80.04900360107422,66346000
2019-02-12,81.90049743652344,81.97000122070312,79.94400024414062,80.19999694824219,97172000
2019-02-13,82.0,82.81900024414062,81.85549926757812,82.3499984741211,71206000
2019-02-14,81.13249969482422,81.8949966430664,80.3030014038086,81.2249984741211,82410000
2019-02-15,80.39749908447266,81.44550323486328,80.2249984741211,81.39299774169922,86878000
2019-02-19,81.37899780273438,81.69999694824219,80.02799987792969,80.05000305175781,73634000
2019-02-20,81.1050033569336,81.74649810791016,80.50599670410156,81.5,66752000
2019-02-21,80.97200012207031,81.1780014038086,80.04550170898438,80.99250030517578,69668000
2019-02-22,81.5780029296875,81.74700164794922,81.05850219726562,81.17500305175781,61924000
2019-02-25,81.6500015258789,82.7300033569336,81.51950073242188,82.07250213623047,63690000
2019-02-26,81.81999969482422,81.99949645996094,80.80650329589844,81.29900360107422,53316000
2019-02-27,82.05449676513672,82.09049987792969,80.75499725341797,81.40899658203125,62976000
2019-02-28,81.99150085449219,82.5885009765625,81.69149780273438,81.76249694824219,60518000
2019-03-01,83.58650207519531,83.71299743652344,82.55000305175781,82.75650024414062,99498000
2019-03-04,84.80850219726562,85.47149658203125,83.71800231933594,84.25,123348000
2019-03-05,84.62149810791016,85.38999938964844,84.45050048828125,85.14749908447266,73630000
2019-03-06,83.44750213623047,84.88749694824219,83.41400146484375,84.79850006103516,79920000
2019-03-07,81.29750061035156,83.48750305175781,81.02549743652344,83.36849975585938,99140000
2019-03-08,81.04000091552734,81.13600158691406,79.32849884033203,80.20050048828125,93340000
2019-03-11,83.53099822998047,83.614501953125,81.30049896240234,81.30599975585938,77528000
2019-03-12,83.65499877929688,84.2135009765625,83.04900360107422,83.44999694824219,72290000
2019-03-13,84.54049682617188,85.0,83.96749877929688,84.1500015258789,71040000
2019-03-14,84.31099700927734,85.0999984741211,84.21700286865234,84.55999755859375,58932000
2019-03-15,85.61799621582031,85.94000244140625,84.65650177001953,85.1500015258789,151018000
2019-03-18,87.10749816894531,87.5,85.63150024414062,85.63500213623047,108582000
2019-03-19,88.09249877929688,89.20800018310547,87.67549896240234,87.67549896240234,127284000
2019-03-20,89.8635025024414,89.9749984741211,88.35150146484375,88.49700164794922,125312000
2019-03-21,90.96299743652344,91.1875,89.36399841308594,89.81300354003906,115356000
2019-03-22,88.2385025024414,90.9489974975586,88.15550231933594,90.50849914550781,127260000
2019-03-25,88.71299743652344,89.13400268554688,87.375,87.8895034790039,102076000
2019-03-26,89.18800354003906,90.28849792480469,88.66799926757812,89.6500015258789,97318000
2019-03-27,88.28500366210938,89.375,87.28399658203125,89.20649719238281,86496000
2019-03-28,88.6709976196289,88.89649963378906,87.67350006103516,88.5,60860000
2019-03-29,89.0374984741211,89.64299774169922,88.83149719238281,89.3290023803711,66416000
2019-04-01,90.70950317382812,90.78350067138672,89.9365005493164,90.00550079345703,84776000
2019-04-02,90.6989974975586,91.0,90.25599670410156,90.5510025024414,68962000
2019-04-03,91.03500366210938,91.5,90.48100280761719,91.33599853515625,78522000
2019-04-04,90.94300079345703,91.4375,90.20999908447266,91.03250122070312,72478000
2019-04-05,91.86399841308594,91.92900085449219,91.2594985961914,91.44999694824219,72810000
2019-04-08,92.49299621582031,92.51000213623047,91.25550079345703,91.6614990234375,75056000
2019-04-09,91.79199981689453,92.65450286865234,91.58899688720703,92.27449798583984,74288000
2019-04-10,92.36650085449219,92.4000015258789,91.44049835205078,92.05000305175781,59280000
2019-04-11,92.20349884033203,92.49749755859375,92.0155029296875,92.43499755859375,53096000
2019-04-12,92.15299987792969,92.57499694824219,92.06500244140625,92.41999816894531,62288000
2019-04-15,92.24349975585938,92.34249877929688,90.94499969482422,92.0999984741211,74488000
2019-04-16,93.1520004272461,93.4885025024414,92.4000015258789,92.56749725341797,60892000
2019-04-17,93.24099731445312,93.82350158691406,93.02200317382812,93.64949798583984,57870000
2019-04-18,93.08450317382812,93.54100036621094,92.9739990234375,93.43949890136719,54998000
2019-04-22,94.3655014038086,94.4209976196289,92.28199768066406,92.7699966430664,67476000
2019-04-23,96.1884994506836,96.46299743652344,94.47899627685547,94.55999755859375,92808000
2019-04-24,95.0875015258789,96.4844970703125,94.90799713134766,96.25,73516000
2019-04-25,95.11250305175781,96.12249755859375,95.0155029296875,95.8499984741211,121982000
2019-04-26,97.53150177001953,97.55000305175781,94.9000015258789,96.44999694824219,168652000
2019-04-29,96.92150115966797,97.81700134277344,96.70449829101562,97.44999694824219,80426000
2019-04-30,96.32599639892578,96.7854995727539,95.34750366210938,96.50499725341797,70120000
2019-05-01,95.57599639892578,97.18199920654297,95.52749633789062,96.65450286865234,62340000
2019-05-02,95.04100036621094,96.07749938964844,94.09349822998047,95.66649627685547,79258000
2019-05-03,98.12300109863281,98.22000122070312,96.80000305175781,97.44999694824219,127632000
2019-05-06,97.52749633789062,97.94999694824219,95.5250015258789,95.89900207519531,108356000
2019-05-07,96.05000305175781,97.45500183105469,95.16899871826172,96.99949645996094,118042000
2019-05-08,95.88849639892578,96.76850128173828,95.5,95.94349670410156,81572000
2019-05-09,94.99349975585938,95.47000122070312,93.80000305175781,95.0,106166000
2019-05-10,94.4990005493164,95.18949890136719,92.80000305175781,94.9000015258789,114360000
2019-05-13,91.13400268554688,92.3270034790039,90.9000015258789,91.8280029296875,115668000
2019-05-14,92.00599670410156,92.62200164794922,90.7874984741211,91.9749984741211,92582000
2019-05-15,93.55750274658203,93.72149658203125,91.1500015258789,91.39749908447266,93852000
2019-05-16,95.37850189208984,95.87550354003906,94.114501953125,94.2969970703125,94156000
2019-05-17,93.44999694824219,95.52649688720703,93.36650085449219,94.65249633789062,94732000
2019-05-20,92.94850158691406,93.38899993896484,91.7770004272461,92.6344985961914,75964000
2019-05-21,92.8759994506836,93.94999694824219,92.30000305175781,93.739501953125,80102000
2019-05-22,92.98400115966797,93.57450103759766,92.55000305175781,92.58899688720703,58732000
2019-05-23,90.77400207519531,92.19999694824219,90.20999908447266,91.82949829101562,88486000
2019-05-24,91.16400146484375,92.08799743652344,90.89250183105469,91.79450225830078,67394000
2019-05-28,91.82150268554688,92.4635009765625,91.36750030517578,91.63749694824219,64000000
2019-05-29,90.95950317382812,91.5,90.37650299072266,91.15599822998047,85580000
2019-05-30,90.81600189208984,91.47350311279297,90.3915023803711,91.27449798583984,62938000
2019-05-31,88.75350189208984,89.77950286865234,88.63500213623047,89.50050354003906,92376000
2019-06-03,84.6344985961914,88.31449890136719,83.5999984741211,88.00050354003906,181974000
2019-06-04,86.47799682617188,86.54100036621094,84.04450225830078,84.96199798583984,113582000
2019-06-05,86.92500305175781,87.5999984741211,85.76249694824219,87.4800033569336,84796000
2019-06-06,87.71800231933594,88.0,86.30650329589844,86.885498046875,73786000
2019-06-07,90.20149993896484,90.3125,87.97450256347656,88.18499755859375,96164000
2019-06-10,93.03150177001953,94.24349975585938,90.9000015258789,91.0999984741211,107420000
2019-06-11,93.18499755859375,94.68499755859375,92.9000015258789,94.1624984741211,80854000
2019-06-12,92.76599884033203,93.25,92.21900177001953,92.6989974975586,53566000
2019-06-13,93.51499938964844,94.15450286865234,93.11100006103516,93.33599853515625,55916000
2019-06-14,93.4834976196289,93.80000305175781,92.94999694824219,93.19999694824219,57024000
2019-06-17,94.30149841308594,94.78450012207031,93.77249908447266,93.82499694824219,52686000
2019-06-18,95.06849670410156,96.08350372314453,94.989501953125,95.06749725341797,77914000
2019-06-19,95.43949890136719,95.97899627685547,94.62349700927734,95.39199829101562,57906000
2019-06-20,95.90950012207031,96.76000213623047,95.29000091552734,96.66649627685547,64344000
2019-06-21,95.56500244140625,96.29750061035156,95.37899780273438,95.80500030517578,78672000
2019-06-24,95.69499969482422,95.84300231933594,95.06500244140625,95.63300323486328,45660000
2019-06-25,93.91349792480469,95.81950378417969,93.62100219726562,95.59200286865234,60246000
2019-06-26,94.8915023803711,95.19000244140625,94.36599731445312,94.6240005493164,48838000
2019-06-27,95.21399688720703,95.56199645996094,94.9020004272461,95.0999984741211,42834000
2019-06-28,94.68150329589844,95.64700317382812,94.19999694824219,95.45500183105469,60748000
2019-07-01,96.1094970703125,96.49099731445312,95.73300170898438,96.14900207519531,63842000
2019-07-02,96.71549987792969,96.739501953125,95.33149719238281,95.96900177001953,52918000
2019-07-03,96.94999694824219,97.07949829101562,96.5250015258789,96.79450225830078,33806000
2019-07-05,97.14550018310547,97.29499816894531,96.26499938964844,96.43000030517578,52568000
2019-07-08,97.61599731445312,97.80000305175781,96.4124984741211,96.70600128173828,57668000
2019-07-09,99.41500091552734,99.50050354003906,97.17400360107422,97.38999938964844,86914000
2019-07-10,100.87049865722656,101.24700164794922,99.7699966430664,99.82550048828125,98638000
2019-07-11,100.05349731445312,101.79000091552734,99.76499938964844,101.28099822998047,86356000
2019-07-12,100.55000305175781,100.8499984741211,100.19349670410156,100.41349792480469,50186000
2019-07-15,101.04949951171875,101.1449966430664,100.07749938964844,101.06999969482422,59626000
2019-07-16,100.49500274658203,101.31600189208984,100.06099700927734,100.52899932861328,52364000
2019-07-17,99.60150146484375,100.5999984741211,99.60150146484375,100.35250091552734,51176000
2019-07-18,98.8949966430664,99.375,97.57749938964844,99.00050354003906,69738000
2019-07-19,98.22599792480469,99.80000305175781,98.11150360107422,99.56050109863281,63712000
2019-07-22,99.28150177001953,99.44999694824219,97.91300201416016,98.55699920654297,58000000
2019-07-23,99.72450256347656,99.8895034790039,98.65650177001953,99.79949951171875,54070000
2019-07-24,100.04049682617188,100.06500244140625,98.29350280761719,98.46499633789062,52626000
2019-07-25,98.69100189208984,100.05999755859375,98.63600158691406,100.05000305175781,82730000
2019-07-26,97.15249633789062,97.54499816894531,96.22550201416016,97.0999984741211,98542000
2019-07-29,95.62249755859375,96.61150360107422,94.5270004272461,96.5,89864000
2019-07-30,94.92649841308594,95.49449920654297,94.17400360107422,94.55599975585938,58218000
2019-07-31,93.33899688720703,94.97750091552734,92.47200012207031,94.90550231933594,89414000
2019-08-01,92.76599884033203,94.89600372314453,92.20050048828125,93.58599853515625,94266000
2019-08-02,91.16200256347656,92.31800079345703,90.4010009765625,92.25350189208984,99124000
2019-08-05,88.25650024414062,89.43350219726562,87.43900299072266,88.51100158691406,121164000
2019-08-06,89.3915023803711,89.6884994506836,87.66999816894531,89.61150360107422,101406000
2019-08-07,89.66999816894531,89.94650268554688,87.8499984741211,88.69950103759766,90538000
2019-08-08,91.64450073242188,91.71299743652344,89.90550231933594,90.30000305175781,74024000
2019-08-09,90.37899780273438,91.55449676513672,90.11100006103516,91.44750213623047,57596000
2019-08-12,89.24600219726562,90.04900360107422,88.8499984741211,89.79949951171875,58110000
2019-08-13,91.21700286865234,91.58699798583984,89.0,89.1500015258789,79880000
2019-08-14,88.14800262451172,89.78250122070312,87.86100006103516,89.65049743652344,97872000
2019-08-15,88.80599975585938,89.4000015258789,88.0979995727539,89.09950256347656,75182000
2019-08-16,89.62850189208984,90.14550018310547,89.22750091552734,89.64450073242188,60360000
2019-08-19,90.80599975585938,91.30000305175781,90.63050079345703,90.90399932861328,56326000
2019-08-20,90.06900024414062,90.84100341796875,89.99400329589844,90.7249984741211,38590000
2019-08-21,91.177001953125,91.47899627685547,90.75,90.96949768066406,40636000
2019-08-22,90.23300170898438,91.47049713134766,90.00499725341797,91.4000015258789,53070000
2019-08-23,87.48100280761719,90.24500274658203,87.2614974975586,89.65149688720703,105416000
2019-08-26,88.44349670410156,88.5,87.17549896240234,88.34549713134766,61600000
2019-08-27,88.09149932861328,88.97000122070312,87.33399963378906,88.7864990234375,60394000
2019-08-28,88.2125015258789,88.39299774169922,87.20249938964844,87.75,48394000
2019-08-29,89.31999969482422,89.92749786376953,88.86250305175781,89.1500015258789,60302000
2019-08-30,88.81449890136719,89.98699951171875,88.22850036621094,89.87449645996094,61174000
2019-09-03,89.49199676513672,90.04000091552734,88.4000015258789,88.5,70860000
2019-09-04,90.03099822998047,90.38150024414062,89.8115005493164,90.25,46482000
2019-09-05,92.03600311279297,92.0999984741211,90.77899932861328,91.09750366210938,66216000
2019-09-06,91.67549896240234,92.03250122070312,91.31999969482422,91.91100311279297,49938000
2019-09-09,91.56749725341797,92.5,91.23049926757812,92.05000305175781,59990000
2019-09-10,91.02749633789062,91.29049682617188,90.26699829101562,91.13749694824219,52278000
2019-09-11,91.14949798583984,91.6709976196289,90.4540023803711,90.60700225830078,48656000
2019-09-12,92.17749786376953,92.68299865722656,91.71399688720703,91.88150024414062,56470000
2019-09-13,91.96700286865234,92.30599975585938,91.75849914550781,92.10050201416016,39426000
2019-09-16,90.39199829101562,91.28450012207031,90.01000213623047,91.20099639892578,73510000
2019-09-17,91.12750244140625,91.19950103759766,90.20500183105469,90.35399627685547,39648000
2019-09-18,90.87300109863281,91.10299682617188,89.7750015258789,90.85199737548828,50112000
2019-09-19,91.07499694824219,91.62850189208984,90.8949966430664,91.0510025024414,40630000
2019-09-20,89.70800018310547,91.53150177001953,89.0459976196289,91.08550262451172,106838000
2019-09-23,89.26499938964844,89.63500213623047,88.36599731445312,88.8499984741211,58446000
2019-09-24,87.08049774169922,89.7854995727539,86.77749633789062,89.53050231933594,92320000
2019-09-25,88.41649627685547,88.6500015258789,86.1500015258789,87.36799621582031,69864000
2019-09-26,86.99199676513672,88.16850280761719,86.57499694824219,88.1395034790039,70736000
2019-09-27,86.27249908447266,87.45600128173828,85.69100189208984,87.4000015258789,78144000
2019-09-30,86.79550170898438,86.87300109863281,85.46099853515625,86.34950256347656,52894000
2019-10-01,86.78250122070312,87.77999877929688,86.42050170898438,87.30000305175781,61690000
2019-10-02,85.6614990234375,86.44450378417969,85.25,86.38700103759766,66022000
2019-10-03,86.22100067138672,86.25,84.25299835205078,85.6500015258789,69364000
2019-10-04,86.98249816894531,87.02899932861328,85.96150207519531,86.3010025024414,49438000
2019-10-07,86.63300323486328,87.3915023803711,86.18499755859375,86.58149719238281,43094000
2019-10-08,85.27549743652344,86.3499984741211,85.25,86.12449645996094,50840000
2019-10-09,86.09950256347656,86.49749755859375,85.71800231933594,85.98049926757812,40870000
2019-10-10,86.01300048828125,86.91449737548828,85.6875,86.26200103759766,51504000
2019-10-11,86.59600067138672,87.27249908447266,86.49299621582031,87.14600372314453,65100000
2019-10-14,86.82150268554688,87.09449768066406,86.0999984741211,86.44550323486328,38204000
2019-10-15,88.36900329589844,88.82250213623047,87.03099822998047,87.10700225830078,62234000
2019-10-16,88.87149810791016,89.31199645996094,88.5260009765625,88.66649627685547,55268000
2019-10-17,89.3740005493164,89.94249725341797,89.10099792480469,89.82450103759766,52948000
2019-10-18,87.87550354003906,89.6989974975586,87.45999908447266,89.38999938964844,67250000
2019-10-21,89.28299713134766,89.29399871826172,88.25,88.48300170898438,42608000
2019-10-22,88.2864990234375,89.48899841308594,88.0999984741211,89.40750122070312,42234000
2019-10-23,88.1084976196289,88.50250244140625,87.0999984741211,88.06500244140625,42764000
2019-10-24,89.03900146484375,89.41699981689453,88.01349639892578,88.55449676513672,88922000
2019-10-25,88.06649780273438,88.21050262451172,84.75,84.87750244140625,192528000
2019-10-28,88.85399627685547,88.93499755859375,87.125,87.40299987792969,74178000
2019-10-29,88.135498046875,88.8499984741211,87.79049682617188,88.7405014038086,45538000
2019-10-30,88.99949645996094,89.11900329589844,87.95600128173828,88.01200103759766,48988000
2019-10-31,88.83300018310547,89.5999984741211,88.5739974975586,88.79949951171875,55624000
2019-11-01,89.5719985961914,89.87249755859375,89.260498046875,89.40049743652344,55808000
2019-11-04,90.23300170898438,90.75299835205078,90.05049896240234,90.05049896240234,55438000
2019-11-05,90.08550262451172,90.51249694824219,89.69999694824219,90.45800018310547,37710000
2019-11-06,89.78849792480469,90.125,89.42900085449219,90.05000305175781,40596000
2019-11-07,89.41000366210938,90.29499816894531,89.17400360107422,90.18800354003906,53022000
2019-11-08,89.29399871826172,89.49400329589844,88.7020034790039,89.39450073242188,42466000
2019-11-11,88.5824966430664,89.0,88.35649871826172,88.9000015258789,38920000
2019-11-12,88.9000015258789,89.31099700927734,88.59549713134766,88.73300170898438,40752000
2019-11-13,87.65550231933594,88.75,87.36599731445312,88.66950225830078,59790000
2019-11-14,87.7300033569336,88.32949829101562,87.47799682617188,87.57150268554688,45296000
2019-11-15,86.97450256347656,88.08399963378906,86.64299774169922,88.00250244140625,78552000
2019-11-18,87.62650299072266,87.68499755859375,86.135498046875,86.91500091552734,56790000
2019-11-19,87.6395034790039,88.03399658203125,87.15149688720703,87.84950256347656,45416000
2019-11-20,87.27649688720703,88.1259994506836,86.70600128173828,87.45700073242188,55800000
2019-11-21,86.7354965209961,87.34349822998047,86.51799774169922,87.1500015258789,53258000
2019-11-22,87.28600311279297,87.32150268554688,86.55000305175781,86.95099639892578,49582000
2019-11-25,88.69200134277344,88.87100219726562,87.66200256347656,87.6624984741211,69724000
2019-11-26,89.84700012207031,89.85150146484375,88.9175033569336,88.99600219726562,63624000
2019-11-27,90.92549896240234,91.2249984741211,89.8655014038086,90.05000305175781,60512000
2019-11-29,90.04000091552734,91.2344970703125,90.03949737548828,90.88899993896484,38468000
2019-12-02,89.08000183105469,90.27749633789062,88.13400268554688,90.22000122070312,78512000
2019-12-03,88.49800109863281,88.64350128173828,87.36150360107422,88.0,67618000
2019-12-04,88.03450012207031,89.45449829101562,88.01100158691406,88.70050048828125,53402000
2019-12-05,87.02400207519531,88.17500305175781,87.0,88.17500305175781,56476000
2019-12-06,87.58000183105469,87.72000122070312,87.00650024414062,87.55999755859375,62348000
2019-12-09,87.47550201416016,88.34449768066406,87.28050231933594,87.53299713134766,48856000
2019-12-10,86.96050262451172,87.53350067138672,86.75,87.37000274658203,50286000
2019-12-11,87.43599700927734,87.5,86.7854995727539,87.08350372314453,41952000
2019-12-12,88.0165023803711,88.19999694824219,87.27200317382812,87.5,61918000
2019-12-13,88.0469970703125,88.44950103759766,87.75,88.25,54914000
2019-12-16,88.46050262451172,88.4749984741211,87.85250091552734,88.3499984741211,62904000
2019-12-17,89.53299713134766,89.5999984741211,88.86949920654297,88.90049743652344,72888000
2019-12-18,89.20149993896484,89.91000366210938,89.11799621582031,89.7509994506836,67028000
2019-12-19,89.61399841308594,89.64949798583984,88.7030029296875,89.0250015258789,53056000
2019-12-20,89.32499694824219,90.14849853515625,89.12249755859375,89.98100280761719,103016000
2019-12-23,89.6500015258789,89.6500015258789,89.22550201416016,89.41300201416016,42728000
2019-12-24,89.46050262451172,89.77850341796875,89.37899780273438,89.69049835205078,17626000
2019-12-26,93.4384994506836,93.52300262451172,89.9749984741211,90.05049896240234,120108000
2019-12-27,93.48999786376953,95.06999969482422,93.30049896240234,94.14600372314453,123732000
2019-12-30,92.34449768066406,94.19999694824219,92.03099822998047,93.69999694824219,73494000
2019-12-31,92.39199829101562,92.66300201416016,91.61150360107422,92.0999984741211,50130000
2020-01-02,94.90049743652344,94.90049743652344,93.2074966430664,93.75,80580000
2020-01-03,93.74849700927734,94.30999755859375,93.2249984741211,93.2249984741211,75288000
2020-01-06,95.14399719238281,95.18450164794922,93.0,93.0,81236000
2020-01-07,95.34300231933594,95.69450378417969,94.60199737548828,95.2249984741211,80898000
2020-01-08,94.59850311279297,95.55000305175781,94.3219985961914,94.9020004272461,70160000
2020-01-09,95.05249786376953,95.89099884033203,94.79000091552734,95.49449920654297,63346000
2020-01-10,94.15799713134766,95.34700012207031,94.0,95.26850128173828,57074000
2020-01-13,94.56500244140625,94.9000015258789,94.04000091552734,94.56549835205078,55616000
2020-01-14,93.47200012207031,94.35549926757812,92.92749786376953,94.29399871826172,68818000
2020-01-15,93.10099792480469,93.94300079345703,92.75450134277344,93.61250305175781,57932000
2020-01-16,93.89700317382812,94.27950286865234,93.3010025024414,94.14949798583984,53190000
2020-01-17,93.23600006103516,94.33200073242188,92.86250305175781,94.29450225830078,79946000
2020-01-21,94.5999984741211,94.7135009765625,93.0,93.25,74156000
2020-01-22,94.37300109863281,95.125,94.16699981689453,94.80449676513672,64326000
2020-01-23,94.22899627685547,94.4990005493164,93.63800048828125,94.25550079345703,49692000
2020-01-24,93.08200073242188,94.74949645996094,92.37200164794922,94.56849670410156,75324000
2020-01-27,91.41699981689453,92.05000305175781,90.76699829101562,91.0,70570000
2020-01-28,92.6624984741211,92.90550231933594,91.5009994506836,92.0250015258789,56160000
2020-01-29,92.9000015258789,93.73750305175781,92.7509994506836,93.19999694824219,41760000
2020-01-30,93.53399658203125,93.64350128173828,92.53050231933594,92.9000015258789,126548000
2020-01-31,100.43599700927734,102.78600311279297,100.1135025024414,102.57350158691406,311346000
2020-02-03,100.20999908447266,102.42500305175781,100.01249694824219,100.52999877929688,117834000
2020-02-04,102.4834976196289,102.98999786376953,100.76850128173828,101.49400329589844,105786000
2020-02-05,101.99349975585938,103.5510025024414,101.5999984741211,103.5510025024414,87524000
2020-02-06,102.5114974975586,102.81500244140625,101.23999786376953,102.0510025024414,63660000
2020-02-07,103.96399688720703,104.92649841308594,101.90499877929688,102.09950256347656,101906000
2020-02-10,106.69550323486328,106.77999877929688,104.24800109863281,104.25050354003906,101124000
2020-02-11,107.54000091552734,109.29750061035156,106.80000305175781,107.54499816894531,114920000
2020-02-12,108.0,109.01249694824219,107.7645034790039,108.16000366210938,66686000
2020-02-13,107.49349975585938,108.51399993896484,107.0999984741211,107.24949645996094,60636000
2020-02-14,106.74349975585938,107.9520034790039,106.29450225830078,107.78399658203125,52124000
2020-02-18,107.78350067138672,108.30349731445312,106.20549774169922,106.2509994506836,58912000
2020-02-19,108.51100158691406,109.25499725341797,108.05599975585938,108.38999938964844,51224000
2020-02-20,107.65499877929688,108.8395004272461,106.37249755859375,108.65350341796875,62626000
2020-02-21,104.79850006103516,107.22750091552734,104.4000015258789,107.10749816894531,92926000
2020-02-24,100.4645004272461,101.96499633789062,99.39849853515625,100.15899658203125,130940000
2020-02-25,98.63700103759766,101.7300033569336,97.9209976196289,101.32099914550781,124382000
2020-02-26,98.97949981689453,100.7334976196289,98.02249908447266,98.51399993896484,104492000
2020-02-27,94.21499633789062,98.75,94.13800048828125,96.71900177001953,162880000
2020-02-28,94.1875,94.48799896240234,90.55650329589844,90.73149871826172,189620000
2020-03-02,97.69750213623047,97.72550201416016,93.5,95.32450103759766,135234000
2020-03-03,95.44950103759766,99.81649780273438,94.40450286865234,98.76850128173828,150690000
2020-03-04,98.79149627685547,98.9000015258789,96.0999984741211,97.32849884033203,95458000
2020-03-05,96.20149993896484,98.03600311279297,95.5,96.6500015258789,94964000
2020-03-06,95.05449676513672,95.54350280761719,93.4749984741211,93.75,105472000
2020-03-09,90.03050231933594,93.13849639892578,88.06449890136719,88.69300079345703,156264000
2020-03-10,94.59100341796875,94.7135009765625,90.90850067138672,93.54399871826172,142666000
2020-03-11,91.04299926757812,93.56600189208984,90.07499694824219,92.89250183105469,112496000
2020-03-12,83.83049774169922,88.25,83.75,86.0989990234375,226924000
2020-03-13,89.25,89.31549835205078,84.03099822998047,87.75,176194000
2020-03-16,84.4574966430664,87.97250366210938,81.30149841308594,82.07550048828125,178346000
2020-03-17,90.39199829101562,92.88899993896484,84.46199798583984,88.77349853515625,218342000
2020-03-18,91.5,92.08300018310547,87.25,87.5,192904000
2020-03-19,94.04650115966797,97.25,91.63249969482422,93.0,207998000
2020-03-20,92.30449676513672,97.8499984741211,91.0364990234375,96.31549835205078,196358000
2020-03-23,95.1415023803711,95.97000122070312,90.5999984741211,91.38749694824219,156170000
2020-03-24,97.00499725341797,97.75,95.01699829101562,97.57499694824219,142942000
2020-03-25,94.29199981689453,97.51300048828125,94.28900146484375,96.03450012207031,129582000
2020-03-26,97.77449798583984,97.82450103759766,94.4645004272461,95.0999984741211,124426000
2020-03-27,95.00499725341797,96.989501953125,94.99600219726562,96.54299926757812,107758000
2020-03-30,98.19750213623047,98.68150329589844,95.61699676513672,96.1415023803711,122522000
2020-03-31,97.48600006103516,99.6510009765625,97.20050048828125,98.21749877929688,102472000
2020-04-01,95.38500213623047,97.24800109863281,94.6500015258789,96.64849853515625,82438000
2020-04-02,95.94149780273438,96.37650299072266,94.5,95.08200073242188,86720000
2020-04-03,95.32949829101562,96.31649780273438,94.4574966430664,95.55750274658203,72198000
2020-04-06,99.87950134277344,99.9260025024414,96.5009994506836,96.80000305175781,115464000
2020-04-07,100.58000183105469,101.78600311279297,99.88099670410156,100.85549926757812,102280000
2020-04-08,102.1500015258789,102.19999694824219,100.55750274658203,101.05000305175781,79546000
2020-04-09,102.13800048828125,102.6500015258789,100.88300323486328,102.21499633789062,92930000
2020-04-13,108.44349670410156,109.0,101.9000015258789,102.0,134334000
2020-04-14,114.16600036621094,114.5999984741211,109.31050109863281,110.02349853515625,161744000
2020-04-15,115.38400268554688,116.66850280761719,112.25,112.88400268554688,137332000
2020-04-16,120.40950012207031,123.05000305175781,116.75,117.30000305175781,240764000
2020-04-17,118.75,120.0,115.8010025024414,118.61650085449219,158600000
2020-04-20,119.68049621582031,122.2490005493164,119.30249786376953,119.49749755859375,115414000
2020-04-21,116.40599822998047,121.41549682617188,113.98300170898438,120.83049774169922,149534000
2020-04-22,118.17449951171875,119.69999694824219,117.55000305175781,118.44999694824219,84244000
2020-04-23,119.97250366210938,121.21099853515625,119.10399627685547,119.9990005493164,101332000
2020-04-24,120.51100158691406,121.02149963378906,119.0999984741211,120.8499984741211,76498000
2020-04-27,118.80000305175781,122.24400329589844,118.1500015258789,122.16000366210938,112912000
2020-04-28,115.7040023803711,118.67500305175781,115.30000305175781,118.6050033569336,105388000
2020-04-29,118.635498046875,119.59449768066406,115.5,116.50050354003906,91832000
2020-04-30,123.69999694824219,123.75,119.80049896240234,120.99199676513672,190692000
2020-05-01,114.302001953125,118.12200164794922,112.90950012207031,116.83999633789062,195452000
2020-05-04,115.79949951171875,116.3489990234375,112.81900024414062,112.81900024414062,97318000
2020-05-05,115.88999938964844,117.55000305175781,115.35649871826172,117.0,64850000
2020-05-06,117.56300354003906,117.87249755859375,116.0,116.47200012207031,62356000
2020-05-07,118.38050079345703,118.80000305175781,117.15550231933594,118.73899841308594,67928000
2020-05-08,118.98049926757812,119.36199951171875,117.8499984741211,118.60700225830078,64132000
2020-05-11,120.44999694824219,120.9834976196289,118.60549926757812,118.73500061035156,65184000
2020-05-12,117.84750366210938,120.94999694824219,117.75,120.59249877929688,61498000
2020-05-13,118.39600372314453,120.38500213623047,116.88999938964844,118.33999633789062,95658000
2020-05-14,119.44249725341797,119.56849670410156,117.6604995727539,118.05049896240234,72962000
2020-05-15,120.48899841308594,120.55000305175781,117.81849670410156,118.4260025024414,84700000
2020-05-18,121.31300354003906,121.6500015258789,119.20050048828125,120.21749877929688,87144000
2020-05-19,122.46649932861328,124.25,121.44850158691406,121.49150085449219,86410000
2020-05-20,124.89700317382812,125.00050354003906,123.3635025024414,123.89350128173828,79962000
2020-05-21,122.33699798583984,126.27249908447266,122.12699890136719,125.0,102288000
2020-05-22,121.84400177001953,123.49250030517578,121.50650024414062,122.75050354003906,57342000
2020-05-26,121.09300231933594,123.0999984741211,120.7030029296875,122.9000015258789,71364000
2020-05-27,120.51950073242188,120.67900085449219,116.5,120.24949645996094,101138000
2020-05-28,120.05500030517578,121.84850311279297,118.9114990234375,119.21649932861328,63804000
2020-05-29,122.11849975585938,122.11849975585938,119.91000366210938,120.7969970703125,70198000
2020-06-01,123.552001953125,123.84649658203125,122.20850372314453,122.4000015258789,58578000
2020-06-02,123.62049865722656,123.67649841308594,122.2655029296875,123.3499984741211,50598000
2020-06-03,123.91999816894531,124.4000015258789,123.05850219726562,123.40049743652344,53420000
2020-06-04,123.02999877929688,125.37699890136719,122.50050354003906,123.87149810791016,58974000
2020-06-05,124.1500015258789,124.43250274658203,121.85649871826172,122.22550201416016,66128000
2020-06-08,126.2030029296875,126.5,124.36699676513672,125.01000213623047,79414000
2020-06-09,130.04299926757812,131.32150268554688,126.25,126.47200012207031,103520000
2020-06-10,132.37249755859375,136.11749267578125,131.31300354003906,132.25,98920000
2020-06-11,127.89800262451172,133.56900024414062,126.8115005493164,130.1750030517578,116002000
2020-06-12,127.2509994506836,131.07400512695312,125.1675033569336,130.0605010986328,108722000
2020-06-15,128.63400268554688,129.1999969482422,125.4000015258789,126.33000183105469,77302000
2020-06-16,130.7635040283203,131.0,128.8000030517578,131.0,71712000
2020-06-17,132.0489959716797,132.75,131.59100341796875,132.375,59186000
2020-06-18,132.69900512695312,132.98199462890625,131.8054962158203,132.35049438476562,49756000
2020-06-19,133.75050354003906,134.8715057373047,132.9499969482422,133.9040069580078,115540000
2020-06-22,135.6909942626953,135.75,133.4499969482422,134.22500610351562,64176000
2020-06-23,138.2205047607422,139.15550231933594,135.90199279785156,136.30099487304688,84634000
2020-06-24,136.72000122070312,139.8000030517578,136.0500030517578,139.0,90532000
2020-06-25,137.72900390625,137.81149291992188,135.60699462890625,136.9774932861328,59374000
2020-06-26,134.64349365234375,139.1284942626953,134.39999389648438,138.7530059814453,130016000
2020-06-29,134.0189971923828,134.83999633789062,131.50399780273438,134.50050354003906,84468000
2020-06-30,137.9409942626953,138.48150634765625,133.75149536132812,134.2534942626953,75394000
2020-07-01,143.93499755859375,144.75,137.6999969482422,137.89950561523438,127268000
2020-07-02,144.51499938964844,147.7779998779297,143.55499267578125,145.60049438476562,131868000
2020-07-06,152.8520050048828,152.99400329589844,146.5,146.74850463867188,137612000
2020-07-07,150.00599670410156,153.4774932861328,149.5,152.92750549316406,105150000
2020-07-08,154.0554962158203,154.19850158691406,150.6215057373047,151.1304931640625,100752000
2020-07-09,159.13150024414062,159.69400024414062,153.6999969482422,155.79949951171875,127774000
2020-07-10,160.0,160.75,156.78500366210938,159.58799743652344,109720000
2020-07-13,155.1999969482422,167.21449279785156,153.41949462890625,162.55299377441406,154408000
2020-07-14,154.1999969482422,156.36900329589844,147.5,154.4499969482422,144638000
2020-07-15,150.44349670410156,154.91749572753906,148.65899658203125,154.01150512695312,115778000
2020-07-16,149.9949951171875,151.60000610351562,145.9114990234375,148.55299377441406,127884000
2020-07-17,148.09849548339844,151.1999969482422,147.42250061035156,150.4499969482422,95226000
2020-07-20,159.8419952392578,160.0679931640625,149.7010040283203,150.00999450683594,151964000
2020-07-21,156.9145050048828,162.0290069580078,155.28599548339844,161.62449645996094,122426000
2020-07-22,154.99549865722656,157.5,153.26300048828125,156.25,82084000
2020-07-23,149.32749938964844,154.9134979248047,148.5,154.9134979248047,113138000
2020-07-24,150.44549560546875,151.57899475097656,144.39999389648438,146.5,112648000
2020-07-27,152.760498046875,154.89999389648438,150.7884979248047,153.10000610351562,83410000
2020-07-28,150.01649475097656,153.85450744628906,149.78799438476562,152.7135009765625,62534000
2020-07-29,151.67649841308594,151.95799255371094,149.8385009765625,151.54949951171875,59482000
2020-07-30,152.593994140625,154.60000610351562,150.25,150.6999969482422,122566000
2020-07-31,158.23399353027344,162.34100341796875,157.5500030517578,162.1999969482422,161710000
2020-08-03,155.59449768066406,159.1999969482422,155.1999969482422,159.02549743652344,101494000
2020-08-04,156.94149780273438,158.36199951171875,155.0605010986328,155.0605010986328,93886000
2020-08-05,160.25149536132812,160.67950439453125,156.36500549316406,157.18850708007812,78330000
2020-08-06,161.25,162.37350463867188,158.27149963378906,159.71800231933594,78812000
2020-08-07,158.3730010986328,162.04049682617188,157.0334930419922,161.20050048828125,78722000
2020-08-10,157.4080047607422,158.62550354003906,155.0760040283203,158.5155029296875,63346000
2020-08-11,154.0334930419922,157.96099853515625,153.64999389648438,155.66000366210938,74362000
2020-08-12,158.11199951171875,158.71949768066406,155.0709991455078,155.39999389648438,70442000
2020-08-13,158.05099487304688,160.87600708007812,157.75,159.14950561523438,62980000
2020-08-14,157.4010009765625,158.91200256347656,156.0,158.90899658203125,55034000
2020-08-17,159.12049865722656,159.74850463867188,157.70899963378906,158.656005859375,53824000
2020-08-18,165.62449645996094,166.0,160.29100036621094,160.60000610351562,106920000
2020-08-19,163.0240020751953,165.7949981689453,162.8000030517578,165.15049743652344,83702000
2020-08-20,164.86849975585938,165.63099670410156,161.89999389648438,162.60000610351562,66650000
2020-08-21,164.23599243164062,165.72000122070312,163.76950073242188,164.75,71518000
2020-08-24,165.3730010986328,169.01600646972656,162.8780059814453,165.50750732421875,93326000
2020-08-25,167.32449340820312,167.8699951171875,163.35000610351562,164.74949645996094,79856000
2020-08-26,172.09249877929688,172.58700561523438,167.22850036621094,167.5554962158203,130174000
2020-08-27,170.0,172.64999389648438,168.89999389648438,172.50250244140625,85296000
2020-08-28,170.08999633789062,171.6685028076172,169.3249969482422,171.14999389648438,57940000
2020-08-31,172.54800415039062,174.75,170.25,170.44949340820312,83718000
2020-09-01,174.95599365234375,175.69349670410156,173.35000610351562,174.47900390625,68644000
2020-09-02,176.57249450683594,177.6125030517578,174.33450317382812,177.35000610351562,78630000
2020-09-03,168.39999389648438,174.42050170898438,165.14999389648438,174.25,163222000
2020-09-04,164.7310028076172,169.0749969482422,155.55650329589844,165.89999389648438,175636000
2020-09-08,157.49200439453125,162.54249572753906,156.5,157.1999969482422,121884000
2020-09-09,163.4304962158203,165.15899658203125,159.25,160.14950561523438,103774000
2020-09-10,158.7554931640625,167.4945068359375,158.52749633789062,165.36099243164062,106614000
2020-09-11,155.81100463867188,160.86700439453125,154.19900512695312,160.4344940185547,101880000
2020-09-14,155.14849853515625,159.3695068359375,154.8000030517578,158.64700317382812,90592000
2020-09-15,157.80650329589844,158.75100708007812,155.4459991455078,156.80799865722656,80430000
2020-09-16,153.90499877929688,159.36199951171875,153.70750427246094,158.99949645996094,90244000
2020-09-17,150.43649291992188,151.47149658203125,148.62750244140625,150.46249389648438,128982000
2020-09-18,147.74549865722656,151.88999938964844,145.27699279785156,151.58700561523438,177852000
2020-09-21,148.02349853515625,148.10000610351562,143.5500030517578,145.3249969482422,122358000
2020-09-22,156.44949340820312,156.69949340820312,150.00999450683594,151.69200134277344,138976000
2020-09-23,149.9929962158203,156.35000610351562,149.61900329589844,156.02149963378906,113054000
2020-09-24,150.989501953125,153.46499633789062,148.25,148.88949584960938,110588000
2020-09-25,154.75650024414062,155.07699584960938,149.9499969482422,152.7429962158203,92304000
2020-09-28,158.70249938964844,158.7519989013672,155.85850524902344,157.4425048828125,84484000
2020-09-29,157.24400329589844,159.41299438476562,156.6269989013672,158.76950073242188,69916000
2020-09-30,157.43649291992188,160.6439971923828,156.69949340820312,157.0570068359375,97922000
2020-10-01,161.06300354003906,161.1999969482422,158.60000610351562,160.39999389648438,99438000
2020-10-02,156.25,159.7899932861328,156.14999389648438,157.68150329589844,112262000
2020-10-05,159.9600067138672,160.12649536132812,157.04249572753906,157.29200744628906,75506000
2020-10-06,154.9980010986328,159.10000610351562,154.5,158.25,101738000
2020-10-07,159.7845001220703,160.0,156.6195068359375,156.75,86188000
2020-10-08,159.52749633789062,161.6645050048828,158.74949645996094,161.24949645996094,63482000
2020-10-09,164.33250427246094,164.44949340820312,159.89149475097656,160.5,98158000
2020-10-12,172.14649963378906,174.81199645996094,166.9774932861328,167.4969940185547,167284000
2020-10-13,172.18150329589844,174.61900329589844,171.21099853515625,173.39950561523438,114894000
2020-10-14,168.1855010986328,173.24400329589844,167.0,172.35000610351562,116254000
2020-10-15,166.9324951171875,167.79400634765625,164.0,164.60049438476562,104468000
2020-10-16,163.635498046875,169.98300170898438,158.0,168.1614990234375,129488000
2020-10-19,160.36050415039062,166.4499969482422,159.63699340820312,164.98049926757812,104472000
2020-10-20,160.85049438476562,163.3000030517578,159.60049438476562,161.11399841308594,90194000
2020-10-21,159.2469940185547,161.69400024414062,158.0,160.625,91854000
2020-10-22,158.82000732421875,159.9375,156.0970001220703,159.49349975585938,84240000
2020-10-23,160.22000122070312,160.26649475097656,157.0,159.5500030517578,69334000
2020-10-26,160.3520050048828,164.1490020751953,157.6649932861328,159.93699645996094,118024000
2020-10-27,164.31649780273438,164.58299255371094,160.56500244140625,161.2469940185547,85820000
2020-10-28,158.13900756835938,163.2010040283203,158.12350463867188,162.46499633789062,111766000
2020-10-29,160.55050659179688,162.8625030517578,158.1999969482422,160.06350708007812,131930000
2020-10-30,151.8074951171875,158.35000610351562,150.9499969482422,157.8874969482422,167728000
2020-11-02,150.2239990234375,153.98550415039062,147.50599670410156,153.08700561523438,145148000
2020-11-03,152.42050170898438,153.7449951171875,149.0489959716797,150.92649841308594,97958000
2020-11-04,162.05799865722656,162.24249267578125,156.9864959716797,157.99949645996094,136780000
2020-11-05,166.10000610351562,168.33999633789062,164.44400024414062,165.99850463867188,115786000
2020-11-06,165.56849670410156,166.10000610351562,161.60000610351562,165.23199462890625,92946000
2020-11-09,157.18699645996094,164.4499969482422,155.60549926757812,161.55149841308594,143808000
2020-11-10,151.75100708007812,155.6999969482422,150.9739990234375,154.75100708007812,131820000
2020-11-11,156.8695068359375,156.95750427246094,152.5,153.08900451660156,87338000
2020-11-12,155.51400756835938,158.79400634765625,154.30250549316406,157.99749755859375,87240000
2020-11-13,156.4405059814453,157.08599853515625,154.26950073242188,156.10000610351562,75124000
2020-11-16,156.55299377441406,157.13499450683594,153.63450622558594,154.66000366210938,76174000
2020-11-17,156.7830047607422,159.46249389648438,156.76300048828125,159.177001953125,68894000
2020-11-18,155.2729949951172,157.0,155.2550048828125,156.6999969482422,58336000
2020-11-19,155.8509979248047,156.25,154.04600524902344,155.2655029296875,60206000
2020-11-20,154.97000122070312,156.64450073242188,154.90249633789062,155.8509979248047,67488000
2020-11-23,154.91949462890625,156.9875030517578,153.2729949951172,155.8350067138672,94178000
2020-11-24,155.9029998779297,156.71249389648438,154.31300354003906,155.02499389648438,72042000
2020-11-25,159.2534942626953,159.89999389648438,157.01300048828125,157.093505859375,75808000
2020-11-27,159.76699829101562,160.8094940185547,159.50250244140625,160.56300354003906,47858000
2020-11-30,158.40199279785156,161.41949462890625,156.27749633789062,160.4239959716797,81278000
2020-12-01,161.00399780273438,162.44749450683594,157.85899353027344,159.4250030517578,90740000
2020-12-02,160.17649841308594,161.60000610351562,158.66299438476562,161.08250427246094,62586000
2020-12-03,159.3365020751953,161.4320068359375,159.0655059814453,160.2729949951172,57840000
2020-12-04,158.12899780273438,159.91050720214844,157.93800354003906,159.91050720214844,58272000
2020-12-07,157.89999389648438,159.03799438476562,157.08450317382812,157.82400512695312,55026000
2020-12-08,158.864501953125,159.2064971923828,156.00100708007812,157.94500732421875,65726000
2020-12-09,155.2100067138672,158.72149658203125,154.39999389648438,158.39450073242188,82016000
2020-12-10,155.07449340820312,157.10499572753906,153.8000030517578,154.44949340820312,60604000
2020-12-11,155.8209991455078,155.93350219726562,153.64100646972656,154.83299255371094,61294000
2020-12-14,157.84849548339844,159.52349853515625,156.3000030517578,157.14999389648438,83116000
2020-12-15,158.25599670410156,159.4250030517578,156.52450561523438,159.05050659179688,66390000
2020-12-16,162.04800415039062,162.35000610351562,158.1840057373047,158.80050659179688,88552000
2020-12-17,161.8040008544922,163.17550659179688,161.0500030517578,162.5,69486000
2020-12-18,160.08250427246094,162.4709930419922,158.5800018310547,162.19949340820312,119914000
2020-12-21,160.3090057373047,161.34849548339844,158.3000030517578,160.00050354003906,76736000
2020-12-22,160.3260040283203,161.10000610351562,159.00399780273438,160.14199829101562,47388000
2020-12-23,159.2635040283203,160.50650024414062,159.20849609375,160.25,41876000
2020-12-24,158.63450622558594,160.10000610351562,158.4499969482422,159.69500732421875,29038000
2020-12-28,164.197998046875,165.1999969482422,158.63450622558594,159.6999969482422,113736000
2020-12-29,166.10000610351562,167.53250122070312,164.06100463867188,165.4969940185547,97458000
2020-12-30,164.29249572753906,167.10499572753906,164.12350463867188,167.0500030517578,64186000
