Date,Close,High,Low,Open,Volume,nome
2018-01-02,118.03564453125,119.78363614377574,117.85164407078862,119.73345652035125,1880600.0,AMT
2018-01-03,118.49564361572266,119.18146589604466,117.80983409725926,117.96874476035136,1770500.0,AMT
2018-01-04,116.76436614990234,118.72981971286907,116.7392763394693,118.29490839560174,1729600.0,AMT
2018-01-05,117.51707458496094,117.67598521019036,116.74762402866821,117.28289453573514,2119400.0,AMT
2018-01-08,118.77163696289062,119.80037031955236,117.64255711840566,117.64255711840566,1882100.0,AMT
2018-01-09,117.9687271118164,118.97235780631735,117.8098164724979,118.84690875520099,1581600.0,AMT
2018-01-10,115.0916519165039,117.59237620922502,113.7701998420861,117.43346555772715,3330500.0,AMT
2018-01-11,112.88367462158203,115.42620710924547,112.49894284605945,115.41784809133432,3244000.0,AMT
2018-01-12,111.23603820800781,113.32694118184256,110.85130644560428,113.23494094051946,3197300.0,AMT
2018-01-16,113.43565368652344,115.41782529806558,111.43675128060369,111.43675128060369,3193900.0,AMT
2018-01-17,114.28038024902344,114.71529159455477,113.36874971242655,113.8454689034921,1999700.0,AMT
2018-01-18,113.06765747070312,114.30546830698903,112.67456673859587,114.23019887195336,3416400.0,AMT
2018-01-19,115.09998321533203,115.15016282754043,112.69963151109694,113.66144144337004,3284700.0,AMT
2018-01-22,116.45491790771484,116.45491790771483,114.92437564544163,115.15855571992373,1826700.0,AMT
2018-01-23,118.09418487548828,118.29491613394035,116.42146267396052,116.6807325733001,2923400.0,AMT
2018-01-24,118.56255340576172,119.33200414126891,117.93528253598164,118.01056473936772,3061500.0,AMT
2018-01-25,119.5661849975586,119.64981344801444,118.34509221181666,119.14800445970766,2409500.0,AMT
2018-01-26,121.38104248046875,121.38940149389127,119.46576917295219,119.71667995600556,2107900.0,AMT
2018-01-29,120.7120132446289,122.10037589622256,120.16837080878703,121.18873249134533,3901700.0,AMT
2018-01-30,121.3978042602539,121.82435657373397,119.46581222958376,120.33563488941424,2440000.0,AMT
2018-01-31,123.530517578125,124.48396861097348,121.47307665759436,121.61525649666712,3184700.0,AMT
2018-02-01,122.9952621459961,124.91889524122195,122.56035079776976,123.79817442257875,2351000.0,AMT
2018-02-02,121.45638275146484,122.72765543531025,120.6283805128404,122.47674450586103,2474600.0,AMT
2018-02-05,118.79673767089844,122.35127272416509,118.57092933840583,120.55310127255025,3000900.0,AMT
2018-02-06,117.23274993896484,118.90547236844888,115.10839806873825,117.32475018306084,3817000.0,AMT
2018-02-07,117.09052276611328,119.03924514071467,116.45489309393618,116.96507373931985,2245900.0,AMT
2018-02-08,111.7127685546875,117.86837456696561,111.62076831472906,116.99020554046817,3890100.0,AMT
2018-02-09,113.78693389892578,114.52292301274008,109.0363960606396,112.36512253516992,3977300.0,AMT
2018-02-12,113.93748474121094,114.77384595617484,111.93022293004132,114.5731274321735,3821000.0,AMT
2018-02-13,114.0043716430664,114.51455238938418,112.79165068400647,113.77019157215236,3710300.0,AMT
2018-02-14,113.3101806640625,113.66145074010736,110.91818777892846,112.93382077986128,4829300.0,AMT
2018-02-15,113.92913055419922,114.52293989536129,111.26949514167224,113.37712906607061,3223300.0,AMT
2018-02-16,117.10729217529297,117.96874314163206,113.57784708992261,113.62802671718767,3024700.0,AMT
2018-02-20,116.45491790771484,117.67599790153483,115.9781859806111,116.38800749188324,2220500.0,AMT
2018-02-21,114.94947052001953,117.29964314651234,114.86582930608115,116.61382092541868,2811400.0,AMT
2018-02-22,116.23747253417969,117.49201429674444,114.77384047785414,115.38439332417394,3075900.0,AMT
2018-02-23,118.65452575683594,118.65452575683594,116.14544286741683,116.75599555904479,1925000.0,AMT
2018-02-26,119.38220977783203,119.55783849421799,118.83020828832773,118.88038792158086,2214100.0,AMT
2018-02-27,117.67603302001953,119.59130755444247,113.58622675047268,119.36548642885036,4572500.0,AMT
2018-02-28,116.53019714355469,118.44545850566999,116.513466347725,118.18618859867068,4015600.0,AMT
2018-03-01,113.21819305419922,116.7727275731951,112.83347411172431,116.2541877977476,3178000.0,AMT
2018-03-02,112.07240295410156,112.69967386615811,110.41641131959292,112.59931460402406,3224600.0,AMT
2018-03-05,114.42256927490234,114.78221121306593,111.4618563573998,111.4618563573998,2486100.0,AMT
2018-03-06,116.15384674072266,117.4501963823172,113.92076388350809,114.35566251597766,3144500.0,AMT
2018-03-07,117.09052276611328,117.79306283986496,115.10835157165171,115.40944199781018,2750000.0,AMT
2018-03-08,119.38220977783203,119.49092806259384,117.1825755999303,117.51711499619113,3025500.0,AMT
2018-03-09,120.084716796875,120.7036285460147,119.20653517340243,119.32362520574168,2172300.0,AMT
2018-03-12,121.33927917480469,121.85781901256286,119.85891634156711,119.85891634156711,2443000.0,AMT
2018-03-13,122.31777954101562,125.5544920850768,121.5399700429577,121.5399700429577,2159100.0,AMT
2018-03-14,122.49346923828125,123.2127403940911,121.76582630272634,122.52691807168338,2467400.0,AMT
2018-03-15,122.6523208618164,123.30468134276995,122.03342196349638,122.92832149019745,2142800.0,AMT
2018-03-16,122.56871032714844,123.11233988670887,121.58179768501765,122.41815870702226,4063100.0,AMT
2018-03-19,121.37271118164062,122.62725275343054,120.45272168610877,122.32616226572668,2581700.0,AMT
2018-03-20,122.36801147460938,123.51382229422218,121.59020164397407,121.59020164397407,2491100.0,AMT
2018-03-21,119.03929138183594,122.78618599252331,118.91382954445233,122.78618599252331,2422300.0,AMT
2018-03-22,119.60800170898438,121.43127562534846,118.16110051407428,118.65455052247451,2454100.0,AMT
2018-03-23,118.98912048339844,121.13856229355788,118.68802991818566,119.5829298336019,2228600.0,AMT
2018-03-26,121.44804382324219,121.69894203233528,119.27349909077984,120.62840046733102,2172600.0,AMT
2018-03-27,120.82072448730469,123.0705250214353,119.57454191214588,121.38944388309345,3043200.0,AMT
2018-03-28,120.68692016601562,122.28437307392105,120.48618888964478,120.6952791835007,2423100.0,AMT
2018-03-29,121.55671691894531,121.95817942791237,120.10981581654983,121.1050875486791,2978300.0,AMT
2018-04-02,120.29381561279297,122.93671968722968,119.42399294335078,121.8828965593231,2705400.0,AMT
2018-04-03,118.2781753540039,121.16361835568947,117.41672451388618,120.51125777311209,3442400.0,AMT
2018-04-04,119.64147186279297,120.0596524615711,117.29129893955738,117.91019805815918,1956500.0,AMT
2018-04-05,120.5029296875,121.78256137115143,119.47420892967158,119.59965801165316,2013400.0,AMT
2018-04-06,118.8970947265625,120.7705353865394,118.32000353688842,120.02617453248986,1527400.0,AMT
2018-04-09,119.7585678100586,121.28073862830912,119.06438645052192,119.06438645052192,1829700.0,AMT
2018-04-10,115.52108764648438,121.2214724210011,113.62096366466338,120.64975846912805,6140200.0,AMT
2018-04-11,117.63982391357422,119.13638441745606,114.62988401558314,114.64670290581057,2807600.0,AMT
2018-04-12,116.34508514404297,118.37973526024152,115.68928935572517,118.37973526024152,2805000.0,AMT
2018-04-13,116.78224182128906,118.0602080870631,116.1264462124567,116.78224182128906,1460400.0,AMT
2018-04-16,116.46275329589844,117.74070666040708,115.98351116241734,117.53051544306705,2073200.0,AMT
2018-04-17,118.56468963623047,119.44749549481087,116.29462659206405,117.09335081494864,2734500.0,AMT
2018-04-18,117.54733276367188,118.67395459460437,117.42962619669464,118.3880976218102,1773400.0,AMT
2018-04-19,115.53791046142578,117.3791876361964,114.91573981996616,117.00924902933146,2553000.0,AMT
2018-04-20,114.86528015136719,116.782222823661,114.5457982586865,115.15955295602163,2659300.0,AMT
2018-04-23,116.19371032714844,116.36186074671082,114.99982567048448,115.4370270245904,1911300.0,AMT
2018-04-24,115.15115356445312,117.00083357328678,114.47853915331739,116.63089500570949,2430000.0,AMT
2018-04-25,114.11701965332031,115.14275388792183,113.80594073643539,114.47013938225703,1511900.0,AMT
2018-04-26,115.05027770996094,115.78175197220436,114.26837243021609,114.61308915376311,1794500.0,AMT
2018-04-27,113.7050552368164,114.1842845820674,112.26734154295366,113.29307579727565,2311000.0,AMT
2018-04-30,114.64669036865234,115.80694991543194,113.09127033359427,113.46120890381691,2548600.0,AMT
2018-05-01,113.58732604980469,116.58044659129943,112.53637008276006,115.24363368019122,3249700.0,AMT
2018-05-02,114.73920440673828,115.79856372364348,112.99041160887049,112.99041160887049,2362800.0,AMT
2018-05-03,115.67242431640625,115.99191905010288,113.53687451072815,114.15904508975503,1858600.0,AMT
2018-05-04,116.74021911621094,117.45486163042283,115.34454621214287,115.34454621214287,1729800.0,AMT
2018-05-07,116.1432876586914,117.5305449093153,115.45386696407844,116.65615487074488,1532400.0,AMT
2018-05-08,115.19317626953125,116.05075992520686,114.21789888852514,115.83216570393954,3069700.0,AMT
2018-05-09,115.98351287841797,116.21052298863893,114.512174335269,115.31931426658018,1661400.0,AMT
2018-05-10,117.6146240234375,118.55627678768678,116.34507339813307,116.77385896134156,1801900.0,AMT
2018-05-11,116.74861145019531,118.06860563729799,116.36185396160462,117.70708289777215,1197800.0,AMT
2018-05-14,116.26936340332031,117.2278348021897,115.5883459395254,116.69816167982324,1142800.0,AMT
2018-05-15,114.93254852294922,115.92465768333798,113.73026098625733,115.45383143598863,2607800.0,AMT
2018-05-16,114.73920440673828,115.47066587585928,114.2515591509722,115.05869922270203,1839900.0,AMT
2018-05-17,115.05865478515625,115.5462870235345,114.3692215704641,115.18476435903834,1820400.0,AMT
2018-05-18,115.22684478759766,116.5804769386809,114.33563594819918,114.94939080058678,3562500.0,AMT
2018-05-21,115.50428009033203,115.79013706256686,114.54580866709193,115.72287433456097,1266900.0,AMT
2018-05-22,115.31089782714844,115.68925228529821,114.23471981018274,115.68925228529821,2169100.0,AMT
2018-05-23,115.04187774658203,115.63041068720193,114.51219168549615,115.32773477073228,1772500.0,AMT
2018-05-24,113.92366027832031,115.63881527536422,113.55372161664948,115.13436396049535,1729800.0,AMT
2018-05-25,114.62146759033203,115.76490824014162,114.04133782129627,114.10860054529128,1484600.0,AMT
2018-05-29,114.31880950927734,114.97460513380759,113.393962946963,114.09179938415386,2295400.0,AMT
2018-05-30,115.88264465332031,116.26938937960799,114.02454830780593,114.29359927309835,1848100.0,AMT
2018-05-31,116.33662414550781,116.5047873729055,114.32719673701477,115.39497165153543,4514500.0,AMT
2018-06-01,116.46275329589844,116.7065694632292,115.0586775035535,116.19370237975737,1623700.0,AMT
2018-06-04,117.75751495361328,117.91726231706558,116.68974007347374,117.27828569230905,1246400.0,AMT
2018-06-05,116.79066467285156,118.06021515486503,115.81537423192525,117.7575392535105,2565200.0,AMT
2018-06-06,116.8999252319336,117.30350154897778,115.67241588081717,117.17737913900699,1347000.0,AMT
2018-06-07,116.17691802978516,117.16062450896105,115.68086968835978,116.92521130187586,1493000.0,AMT
2018-06-08,116.5132064819336,117.07651745010642,115.87422974842148,116.5132064819336,3537400.0,AMT
2018-06-11,117.40444946289062,118.24521464461544,116.09285783204929,116.44597766888668,1475100.0,AMT
2018-06-12,118.66555786132812,118.75804251379307,116.02555657984739,116.51320176293038,2940900.0,AMT
2018-06-13,114.73078155517578,118.26199149723283,114.36924598445265,118.26199149723283,2270400.0,AMT
2018-06-14,116.31980895996094,116.8074412281865,114.76438903193657,115.00820516604936,2103500.0,AMT
2018-06-15,116.49639892578125,117.87525304313738,116.23576382266151,116.61410551522424,3087800.0,AMT
2018-06-18,116.86841583251953,116.96141733342196,115.6086834757266,116.10750384386272,1497800.0,AMT
2018-06-19,117.58706665039062,118.61853316580408,116.23431987257807,116.34423425724077,2741700.0,AMT
2018-06-20,118.82140350341797,119.21032228791948,117.05438834724411,117.49403286434456,2178400.0,AMT
2018-06-21,119.78520965576172,119.90358687827008,118.65229216162058,118.9143836669039,1940800.0,AMT
2018-06-22,120.74908447265625,121.18871613570597,119.11733346318262,120.37707852642404,2543700.0,AMT
2018-06-25,120.1825942993164,120.95196894321421,119.4893211515176,120.5292373235884,2174200.0,AMT
2018-06-26,121.04498291015625,121.27326162052641,120.02197950948194,120.46161115073619,3052500.0,AMT
2018-06-27,121.19715881347656,121.90734482834533,120.83360291729097,121.17179594871304,2147700.0,AMT
2018-06-28,121.966552734375,122.09337999240896,120.54618032978345,121.1971907989288,2110300.0,AMT
2018-06-29,121.89041900634766,122.59215495868315,120.60531142491737,121.26477164022182,1995800.0,AMT
2018-07-02,122.31315612792969,122.36388185437231,120.65605552733093,122.02570174425867,1559500.0,AMT
2018-07-03,120.92662811279297,122.62600488907304,120.69834938439047,122.33010044186378,1669600.0,AMT
2018-07-05,123.15865325927734,123.19247902006117,121.23099771853016,121.55227794223731,1512400.0,AMT
2018-07-06,123.27699279785156,123.71663729428096,122.51608104315223,123.04871411114367,1376600.0,AMT
2018-07-09,120.20794677734375,122.60907197390499,119.81904094531045,122.44843190820876,2334400.0,AMT
2018-07-10,121.35778045654297,121.78051205098657,117.66311044934407,119.63304122754062,3775300.0,AMT
2018-07-11,121.2479019165039,122.07645238590636,120.64761726268115,120.88434596822472,1250400.0,AMT
2018-07-12,121.54383850097656,122.38085208176444,120.96047947276111,121.38321125888119,1504600.0,AMT
2018-07-13,121.095703125,122.27089657926074,120.84206155845715,121.55226052492631,953700.0,AMT
2018-07-16,119.85285949707031,120.85896277682288,119.38786505413803,120.30941685295126,1644500.0,AMT
2018-07-17,120.19953155517578,120.27562016596185,119.13425230192713,119.88671422144556,2995100.0,AMT
2018-07-18,119.53160095214844,120.45315281804376,118.91440347800217,120.19951125750721,2046400.0,AMT
2018-07-19,119.77679443359375,120.52080632963045,119.00741966844193,119.1934226424511,1505900.0,AMT
2018-07-20,118.68614196777344,120.07270126123808,118.46631325369313,119.48087953245673,1786500.0,AMT
2018-07-23,119.07506561279297,119.18497998621956,117.87450909806861,119.02433987144164,1457900.0,AMT
2018-07-24,119.69220733642578,119.7851958850033,117.10507962828413,118.73682998439234,3230400.0,AMT
2018-07-25,120.85050964355469,121.19715264534108,119.31176045557284,119.41322481020812,1572200.0,AMT
2018-07-26,122.17790985107422,122.45691431787864,120.75753754815814,121.04499200459388,1619000.0,AMT
2018-07-27,122.06798553466797,122.71053294656322,121.72979250150327,122.62598146308576,1424800.0,AMT
2018-07-30,120.66451263427734,122.21171188578644,120.00505235012527,121.77206739610338,1963200.0,AMT
2018-07-31,125.33145141601562,127.51274770689422,123.09942940453983,124.16470823930915,3924400.0,AMT
2018-08-01,126.96320343017578,127.23375783850855,124.49445250748842,124.84954549286698,2766300.0,AMT
2018-08-02,125.30612182617188,127.12386276750057,125.24693320259793,126.64194249238543,1877100.0,AMT
2018-08-03,127.65650177001953,127.82559184120595,125.12856198828511,125.61893222524759,1673000.0,AMT
2018-08-06,127.58888244628906,128.19761711516603,126.59122894422781,127.9186126502018,1272700.0,AMT
2018-08-07,126.84487915039062,127.55506534537452,125.71196123447608,127.55506534537452,1418100.0,AMT
2018-08-08,126.24459838867188,127.04778602139741,125.70348943949121,127.04778602139741,1060300.0,AMT
2018-08-09,127.3013916015625,127.41129303761886,126.0754597239286,126.42210270864913,1231700.0,AMT
2018-08-10,126.12622833251953,127.99470818970393,126.04168972994329,126.95479178270439,1260000.0,AMT
2018-08-13,125.98246002197266,126.67574600109786,125.62736704513192,125.97401003469452,957900.0,AMT
2018-08-14,126.0670166015625,126.70956398080067,125.61892214354539,126.1092923411526,1433500.0,AMT
2018-08-15,126.43058013916016,126.70113459593576,125.47521535294437,126.0501242224727,1413900.0,AMT
2018-08-16,126.582763671875,127.29294973290574,126.41367359554566,126.79412949247313,1154200.0,AMT
2018-08-17,127.80870056152344,127.84252632192404,126.57433122260261,126.7265084421623,1542000.0,AMT
2018-08-20,127.48741149902344,128.4427892024872,127.25914568551626,128.1891476200658,1496300.0,AMT
2018-08-21,126.21075439453125,127.51277503907838,125.92329998236988,127.33522207818721,1520000.0,AMT
2018-08-22,125.2215805053711,126.55741418081989,124.70584733257598,126.20232111277612,1134400.0,AMT
2018-08-23,124.6043930053711,125.73731080141164,124.44375290429504,125.49211920479652,1206600.0,AMT
2018-08-24,125.17925262451172,125.5766212758042,124.60434396350927,124.60434396350927,1339900.0,AMT
2018-08-27,125.44136810302734,126.01628977479825,124.91718505876851,125.60200817162134,1072800.0,AMT
2018-08-28,126.90404510498047,126.91249509361961,125.03556555604897,125.17084277875132,1192400.0,AMT
2018-08-29,127.19995880126953,127.88478205266314,126.96323009463339,127.0646815686926,1309000.0,AMT
2018-08-30,125.92330932617188,127.56351023605727,125.63585489268071,127.35214440541733,1034100.0,AMT
2018-08-31,126.07549285888672,126.96323197227436,125.75422555269904,126.08395574901478,965400.0,AMT
2018-09-04,125.25537872314453,126.02475339768283,124.75655848829935,125.74574896952898,1171000.0,AMT
2018-09-05,124.79036712646484,125.2215486922427,123.8941653434704,125.15391009159724,1667200.0,AMT
2018-09-06,125.20465850830078,125.47521295991645,124.53674816958737,124.9594798246771,1304000.0,AMT
2018-09-07,123.90264129638672,125.29765049215676,123.7420012155081,124.76501741961938,1510900.0,AMT
2018-09-10,124.56210327148438,125.4329293946212,124.34228746880996,124.49446466279713,1312300.0,AMT
2018-09-11,124.28309631347656,124.73119079873763,123.8857275585099,124.44373639323906,1194900.0,AMT
2018-09-12,124.54519653320312,124.66356087905385,123.80964759118413,124.51138367756556,1359900.0,AMT
2018-09-13,125.7372817993164,126.32065344203554,124.91718150458718,125.12854729393504,1676600.0,AMT
2018-09-14,124.44373321533203,125.66965230220703,124.03791448259474,125.57665083212713,1182700.0,AMT
2018-09-17,124.91722869873047,125.46677479835766,123.7589478637399,124.3507697173574,1507800.0,AMT
2018-09-18,124.6297378540039,125.54283969066567,124.22390621499083,124.38454629284037,1108300.0,AMT
2018-09-19,124.77346801757812,125.33992684714526,124.56210220501971,124.78191800581213,1247500.0,AMT
2018-09-20,125.74577331542969,125.85568769042898,124.16476081720046,124.79885839466115,1021400.0,AMT
2018-09-21,125.54286193847656,126.48132680629156,125.39913471196853,125.55976191753818,2793300.0,AMT
2018-09-24,123.75888061523438,125.19616516466583,123.36151196499706,125.12852657518481,1258000.0,AMT
2018-09-25,123.18399810791016,123.97873566033958,122.99799515305452,123.68281835013852,1127500.0,AMT
2018-09-26,121.70441436767578,123.37842774439913,121.48459859925546,123.02333477968469,1378400.0,AMT
2018-09-27,121.89998626708984,122.93714459530362,121.82347777696044,122.17203375013383,1530500.0,AMT
2018-09-28,123.52371978759766,123.63422771296533,121.86597118771952,121.86597118771952,1523400.0,AMT
2018-10-01,122.44407653808594,124.19534016976334,122.38457425460912,124.19534016976334,971200.0,AMT
2018-10-02,122.52903747558594,122.92859894949227,121.66190268413678,122.4525160440369,1043400.0,AMT
2018-10-03,122.3420181274414,123.90625174286942,121.3558657721757,122.54604070305923,1910000.0,AMT
2018-10-04,122.79264068603516,123.10718428000126,121.02437072515225,122.18904335962323,1507900.0,AMT
2018-10-05,123.05614471435547,124.37384695853372,122.69059555416858,123.10715036722469,1625900.0,AMT
2018-10-08,123.94026184082031,124.90091145675324,123.2686658517621,123.3111748826497,1760800.0,AMT
2018-10-09,125.52152252197266,125.72555812075983,123.5832297352745,124.15281452179275,1782200.0,AMT
2018-10-10,123.69371795654297,125.6065074094792,123.69371795654297,124.6118584505844,3517100.0,AMT
2018-10-11,119.59612274169922,124.33134675578256,119.35808769677644,123.99130039787491,2484300.0,AMT
2018-10-12,120.76079559326172,122.23151474808243,119.71514082773659,120.79479503675365,2219700.0,AMT
2018-10-15,121.33889770507812,122.63109730185731,120.30173937991744,120.53127782156787,1289600.0,AMT
2018-10-16,123.85523986816406,124.42482448299944,121.30485402577293,121.69590592399031,1303100.0,AMT
2018-10-17,124.69686126708984,125.07942952827531,122.78407184889622,123.46417734752953,1737000.0,AMT
2018-10-18,124.79037475585938,125.94655020102851,123.92325290093252,124.53534654672403,1515800.0,AMT
2018-10-19,127.6468734741211,128.32697931812828,124.88395402254324,125.08798966732739,2450700.0,AMT
2018-10-22,126.88172912597656,128.09740713830894,126.63519747050282,127.60434382736146,1996800.0,AMT
2018-10-23,128.2419891357422,128.60753844846909,126.18466515065136,126.75426310387483,2179100.0,AMT
2018-10-24,129.19406127929688,129.95917193060583,127.30677450267112,128.04638233039876,3056300.0,AMT
2018-10-25,130.5032958984375,130.86885810762257,127.87640044642268,129.1345877128606,2628100.0,AMT
2018-10-26,127.18779754638672,129.874208243416,126.44818948288984,129.61067033444306,3639000.0,AMT
2018-10-29,129.9166717529297,130.63927335137782,127.79135004231587,128.10589350446776,3072700.0,AMT
2018-10-30,136.8282470703125,137.47435335150882,127.63835552124718,130.91985367110166,5553600.0,AMT
2018-10-31,132.45860290527344,136.75175712762464,131.98253272104924,136.02064563844044,3841200.0,AMT
2018-11-01,130.08676147460938,133.89533629714012,129.94224108095332,133.07920663491308,3963600.0,AMT
2018-11-02,129.27056884765625,130.0696919061184,126.87321264420436,129.91667496569863,3978700.0,AMT
2018-11-05,132.36505126953125,132.49257837240762,129.61913888381554,129.98468804046857,2301400.0,AMT
2018-11-06,132.75607299804688,133.04511358202214,131.5828914876473,132.4500262115049,1285000.0,AMT
2018-11-07,133.427734375,134.13334295096735,132.66262351871347,133.92081071622798,1803400.0,AMT
2018-11-08,135.4765167236328,135.51051616563115,133.19816495169073,133.43621293341957,1707900.0,AMT
2018-11-09,136.13966369628906,136.27568745570437,135.33204370416266,135.41704882484245,2279800.0,AMT
2018-11-12,136.89627075195312,137.68689746112236,136.10565701472288,136.10565701472288,2059600.0,AMT
2018-11-13,137.13430786132812,137.51686331958166,135.81660530784228,137.16832028584886,1496800.0,AMT
2018-11-14,138.9195556640625,139.06407600898837,136.59869461100902,137.6528590334488,1940900.0,AMT
2018-11-15,137.83140563964844,138.44349949842248,136.5732055010919,138.35848141783916,1987800.0,AMT
2018-11-16,139.40411376953125,139.62515555446092,137.4063189188719,137.62734773186585,1987400.0,AMT
2018-11-19,141.31689453125,141.42741541668076,139.31909980773963,139.84617546699118,2171500.0,AMT
2018-11-20,136.56466674804688,142.04799398353848,136.48815828228942,140.40725190438218,3449900.0,AMT
2018-11-21,136.28414916992188,137.22779267976952,135.19598531718864,136.5136875836514,2009700.0,AMT
2018-11-23,136.35215759277344,137.02375363652882,135.0599581857719,135.81657229822665,746900.0,AMT
2018-11-26,137.37232971191406,137.52535966363735,135.3830311430768,136.8622601406916,1447200.0,AMT
2018-11-27,137.78884887695312,137.8568607234767,136.00357357852607,137.2192642557432,1390200.0,AMT
2018-11-28,137.7208709716797,138.4774851143133,136.86224552008676,137.0662681380054,2332200.0,AMT
2018-11-29,138.33299255371094,139.40415042873727,136.97278095868202,137.72089863314184,2063300.0,AMT
2018-11-30,139.8377227783203,139.98224315054915,137.61888558692175,138.7580553246825,2741400.0,AMT
2018-12-03,138.63900756835938,140.39876745555176,137.3042991132403,140.28825953142587,2651600.0,AMT
2018-12-04,138.97909545898438,140.65385074930578,138.60503659609878,138.80057562020536,2468800.0,AMT
2018-12-06,142.50709533691406,142.69412471124892,136.98125811977923,138.4094682816786,2809300.0,AMT
2018-12-07,141.48690795898438,143.31469237796077,140.98533515823394,142.28603098224593,3357400.0,AMT
2018-12-10,141.28294372558594,141.88652806471498,138.3584978250786,141.08741768338322,1908700.0,AMT
2018-12-11,141.66546630859375,142.24356065267253,140.69631997087424,141.7419747892709,2033000.0,AMT
2018-12-12,139.9737091064453,142.439090539508,139.54014806549793,142.38808488433025,2675000.0,AMT
2018-12-13,141.801513671875,142.51561888777695,139.78669920794934,140.39029647954123,2153800.0,AMT
2018-12-14,141.63145446777344,141.9715007778685,140.28824949060808,141.56344261136738,2193400.0,AMT
2018-12-17,136.8197479248047,142.10755074696763,136.3351682228546,141.92901796942348,2743400.0,AMT
2018-12-18,137.98440551757812,138.96206143537142,137.02375580818142,137.59335352800977,2475300.0,AMT
2018-12-19,138.17996215820312,140.00774729408957,137.5338687871387,138.1289564936374,1912300.0,AMT
2018-12-20,137.3297882080078,139.39560775033763,136.44566004372476,138.01840337007434,2570400.0,AMT
2018-12-21,134.32034301757812,139.9311979779726,133.997289940314,137.32979309652296,4385700.0,AMT
2018-12-24,130.5627899169922,133.9122996506595,129.75517010649386,133.73376688508523,1968500.0,AMT
2018-12-26,134.6573028564453,134.6573028564453,128.79334559788083,131.1269573818501,1981500.0,AMT
2018-12-27,135.57192993164062,135.7001453240857,131.0414657783075,133.97343746060082,1641700.0,AMT
2018-12-28,135.76856994628906,138.14492488154266,134.84537972749376,136.53788860697915,1740000.0,AMT
2018-12-31,135.2214813232422,136.5635171629077,133.46913006780468,136.48658791367941,2044600.0,AMT
2019-01-02,133.9820098876953,134.29828325577031,131.57999922105952,134.29828325577031,2030600.0,AMT
2019-01-03,134.78549194335938,136.8028299572374,133.7169869157391,133.87085842221904,2467400.0,AMT
2019-01-04,135.32403564453125,136.82849921557013,134.79406127379283,135.15307743235198,2530000.0,AMT
2019-01-07,136.1617431640625,137.29863421410167,135.0761513178117,135.46935391059168,1708000.0,AMT
2019-01-08,137.70040893554688,137.73460840864826,135.55485503478,136.58061749210702,2502700.0,AMT
2019-01-09,136.4951171875,138.4013397881379,135.35823917293374,138.37569670770563,1797300.0,AMT
2019-01-10,138.35861206054688,138.46974078338886,135.58904168236626,136.31563048924838,1986600.0,AMT
2019-01-11,137.9654083251953,138.70054054238219,136.68320187963297,137.66623464719785,1878800.0,AMT
2019-01-14,137.9654083251953,138.95698444015034,137.49527639644523,137.6576782565292,1435400.0,AMT
2019-01-15,139.3758544921875,139.60665532313774,137.30722949155373,137.8201042852126,1597100.0,AMT
2019-01-16,139.99981689453125,140.4528620319651,139.1877555940333,139.71772997142182,1495200.0,AMT
2019-01-17,140.51271057128906,140.98284241990567,139.3843628307463,139.99982286317396,1322800.0,AMT
2019-01-18,140.76063537597656,141.25642348046617,139.657943467275,141.25642348046617,1763000.0,AMT
2019-01-22,140.76913452148438,141.3931509127099,139.4783850114454,140.6323757768249,1503900.0,AMT
2019-01-23,141.71795654296875,141.72651293109408,140.47849328933455,140.62380841144446,1700200.0,AMT
2019-01-24,141.59835815429688,141.76077309386665,140.28196498243045,140.880325515097,1275900.0,AMT
2019-01-25,143.102783203125,143.71824330908274,141.71799144308122,142.3249082020843,1482100.0,AMT
2019-01-28,143.6498260498047,143.6498260498047,141.61538819675445,142.7009930138239,1180500.0,AMT
2019-01-29,144.83798217773438,144.9063680583619,143.2224032473192,143.333518890475,1849700.0,AMT
2019-01-30,145.71844482421875,146.59889193640987,144.47042519464063,144.57301054822102,2159500.0,AMT
2019-01-31,147.7443389892578,148.6931720714656,144.67559536999386,145.13718384956292,4046100.0,AMT
2019-02-01,145.68421936035156,148.00928696304263,144.9234444270405,148.00928696304263,3446200.0,AMT
2019-02-04,146.12020874023438,146.1287520852927,144.35931445588295,145.48764903749822,2846800.0,AMT
2019-02-05,147.39382934570312,147.48785829587868,144.94910272768348,146.02615093974424,1671100.0,AMT
2019-02-06,145.54751586914062,147.3340535300478,145.40220071925256,146.4450628944747,1422900.0,AMT
2019-02-07,147.03488159179688,147.36825474399214,145.17141449575124,145.5988166418107,1113600.0,AMT
2019-02-08,147.39382934570312,147.87253048322466,146.21420884009535,146.94934071148447,1294600.0,AMT
2019-02-11,147.87257385253906,148.44529106493516,147.1545284572985,147.76144513975547,1211000.0,AMT
2019-02-12,147.5306854248047,148.5222616400984,147.08619653652528,147.94954426832007,1471600.0,AMT
2019-02-13,148.47946166992188,148.5991337158305,147.10322662033533,147.39385686850275,1195900.0,AMT
2019-02-14,150.2660369873047,150.50539418288463,147.94098137112604,148.40256993820026,1832500.0,AMT
2019-02-15,152.00125122070312,152.28332505831665,150.4284019718221,151.53964976351537,2744400.0,AMT
2019-02-19,151.81321716308594,152.42867717389575,151.06098536247936,152.12949051412474,1961700.0,AMT
2019-02-20,151.03536987304688,151.58244408889635,150.04379378079526,151.58244408889635,1612000.0,AMT
2019-02-21,150.8814697265625,151.08662740985528,149.2317040444719,150.7190679009742,1407600.0,AMT
2019-02-22,150.98406982421875,151.68500248480652,149.75314969088933,151.4285586164834,1312600.0,AMT
2019-02-25,148.93247985839844,151.7533353373089,148.79572114727304,151.50544794532627,1946500.0,AMT
2019-02-26,148.75299072265625,149.86423849388825,148.24010312261888,149.45392319654894,1853700.0,AMT
2019-02-27,148.0520782470703,151.10373536612786,146.77842839341022,148.9923680425639,1632200.0,AMT
2019-02-28,150.57373046875,152.7449400928397,147.3596718876921,147.47080058972165,2888500.0,AMT
2019-03-01,152.08676147460938,152.3175622603867,148.96673136651953,150.6164972093146,2048000.0,AMT
2019-03-04,153.5997772216797,153.6596067364619,151.1635799005562,153.00996020435858,1678000.0,AMT
2019-03-05,154.77085876464844,155.49744761017038,153.37752363317182,153.37752363317182,1991500.0,AMT
2019-03-06,155.27516174316406,155.82223585316828,154.6169719680161,154.77938683623657,1226000.0,AMT
2019-03-07,155.36065673828125,156.4035188613621,154.55713873755244,155.58290112524344,1375900.0,AMT
2019-03-08,155.2410125732422,156.1983892346867,154.2408930872806,154.71958141800283,1276000.0,AMT
2019-03-11,158.27554321289062,158.39521527493332,155.61710172304234,155.83934611161405,1586700.0,AMT
2019-03-12,158.77987670898438,159.6603239724415,158.21570281882444,158.59181874559772,1618300.0,AMT
2019-03-13,160.04502868652344,160.31857236303463,158.7371789609952,158.7371789609952,1512600.0,AMT
2019-03-14,160.6775360107422,160.7373655183259,158.79696950236803,159.57483136061305,1183800.0,AMT
2019-03-15,161.53231811523438,161.55796119259665,160.37832746083467,160.7031571651226,2541700.0,AMT
2019-03-18,161.46397399902344,161.96830537531923,160.27579661518067,161.6520319771808,1556200.0,AMT
2019-03-19,162.33584594726562,162.60083312511563,161.13911240941792,161.91698725252766,1848200.0,AMT
2019-03-20,163.7292022705078,164.25918978129587,161.48961928248443,162.65215359816455,1537900.0,AMT
2019-03-21,166.43893432617188,166.4731207557062,163.09664671745512,163.40437675637264,1761300.0,AMT
2019-03-22,165.53285217285156,168.21693722925164,165.15674922653776,166.03719663704842,2050300.0,AMT
2019-03-25,167.27659606933594,167.8065703730247,165.43021630753313,165.91746084603966,2157600.0,AMT
2019-03-26,166.72950744628906,168.11428562484872,165.7977743025242,168.09718589430756,1948100.0,AMT
2019-03-27,165.90890502929688,167.57577021862951,164.65234210735213,166.72952260734658,2250600.0,AMT
2019-03-28,166.626953125,166.6782523261731,165.1481457180836,165.83199159103157,2455300.0,AMT
2019-03-29,168.4477081298828,168.67850890855325,166.39618333338882,167.080029279979,3017700.0,AMT
2019-04-01,164.55833435058594,169.41362847287533,164.25916073836026,168.85799797598375,4105700.0,AMT
2019-04-02,166.7893524169922,167.37062591988092,164.21639707086095,164.97717210963557,2762400.0,AMT
2019-04-03,166.07989501953125,167.47322997847658,164.54125796140735,166.73809787687844,2230300.0,AMT
2019-04-04,165.01992797851562,166.7380794600587,164.67799852526267,166.6355071457203,1684000.0,AMT
2019-04-05,167.33645629882812,167.52451425595373,164.38738457957825,165.19944591628817,1656500.0,AMT
2019-04-08,167.7296905517578,167.94339161371414,165.9944389721345,166.7466708840697,2166500.0,AMT
2019-04-09,168.15707397460938,168.5075468076277,167.49887112486604,167.66128600081484,1708200.0,AMT
2019-04-10,168.8440399169922,169.40222410214582,168.3116297709521,168.70665262664886,1304500.0,AMT
2019-04-11,168.86978149414062,169.33350449346057,167.83072225706596,169.2733869144586,1027100.0,AMT
2019-04-12,169.99476623535156,170.08063166118748,167.2811671970388,168.86123254723717,1412300.0,AMT
2019-04-15,168.388916015625,169.8831158439031,167.040712298005,168.91274356146764,1765500.0,AMT
2019-04-16,165.0484161376953,168.45758587726726,164.06087881097062,168.45758587726726,2108300.0,AMT
2019-04-17,164.16397094726562,166.67146950438323,162.661188335405,166.67146950438323,2105100.0,AMT
2019-04-18,165.65817260742188,166.25070042541014,163.20219590443656,163.95787197235344,1325400.0,AMT
2019-04-22,165.15150451660156,165.64955802825526,163.96644901557653,165.35759201018982,942500.0,AMT
2019-04-23,166.07891845703125,166.92906864710423,165.31464678833956,166.24207978572207,1457700.0,AMT
2019-04-24,165.9329376220703,167.02353196239812,165.2888880129608,166.58558294536388,1324500.0,AMT
2019-04-25,165.12574768066406,166.00165892934228,163.8548266259713,165.24596976552385,993100.0,AMT
2019-04-26,165.91578674316406,166.0360088231285,164.56756982199778,165.27173707837804,870000.0,AMT
2019-04-29,165.2545928955078,166.52551416103847,164.84240469378398,165.64960276705202,901400.0,AMT
2019-04-30,167.7105255126953,167.89085207047316,164.1210154440844,165.572276033624,1476200.0,AMT
2019-05-01,165.65817260742188,167.49586055278678,164.99694458267302,167.40998201852992,1384700.0,AMT
2019-05-02,165.56369018554688,166.3623054179675,164.99692338002217,165.97587826991807,1412700.0,AMT
2019-05-03,165.69248962402344,167.0492890080016,165.10855761491064,166.02739488883168,1059100.0,AMT
2019-05-06,165.03128051757812,166.1991577721561,163.56285461342196,165.24596374008715,1548700.0,AMT
2019-05-07,163.0303955078125,165.14287044578302,161.89686214346142,164.8509044955302,1510000.0,AMT
2019-05-08,164.56756591796875,166.1733921843753,163.3052275566766,163.3052275566766,1339000.0,AMT
2019-05-09,165.32321166992188,165.66669948494174,163.2364845391765,164.62764032741347,1240400.0,AMT
2019-05-10,168.01968383789062,168.509154781523,165.16010168333017,165.31466731714323,1283100.0,AMT
2019-05-13,169.06735229492188,169.5138840075571,166.66289734450592,167.04074194998597,1790600.0,AMT
2019-05-14,170.0892333984375,172.07290431965038,168.91276040413743,169.34212685819128,1788000.0,AMT
2019-05-15,172.1501922607422,172.77706363341713,169.18756626023148,170.2008648324122,1285400.0,AMT
2019-05-16,173.48121643066406,174.64909364698187,171.9183163324522,173.30087676424594,1507400.0,AMT
2019-05-17,173.833251953125,174.09947009343347,172.2016650852345,172.5108093774183,1421400.0,AMT
2019-05-20,170.24378967285156,172.57096149130112,169.5052788883511,171.56623251321474,2764800.0,AMT
2019-05-21,170.17506408691406,171.76372488388574,170.02049848455616,171.30000187036876,1338100.0,AMT
2019-05-22,172.3219451904297,172.81142927762977,170.21805201414995,170.51001808201033,998000.0,AMT
2019-05-23,174.2540740966797,175.0527024871954,171.89255868129464,171.89255868129464,1436800.0,AMT
2019-05-24,174.32275390625,176.30642452659865,174.26263632225286,175.30170874888526,1412600.0,AMT
2019-05-28,173.9363250732422,175.8255345453932,173.87620748983386,175.31028964243282,1936300.0,AMT
2019-05-29,172.7169647216797,174.6920400503455,171.9440971944745,174.01364677624966,1448500.0,AMT
2019-05-30,175.77403259277344,176.0574160111897,172.20170072229536,172.89727224785182,1568600.0,AMT
2019-05-31,179.27767944335938,180.54860052488127,175.37044194809747,175.7740474779093,2706200.0,AMT
2019-06-03,179.72421264648438,180.15357911982736,177.32835349064953,179.35496376895736,1730800.0,AMT
2019-06-04,178.62496948242188,179.938829356838,177.2510051376363,179.68122005065447,2351500.0,AMT
2019-06-05,182.71258544921875,182.87574678123877,179.22613230285205,179.99898659816242,2193300.0,AMT
2019-06-06,182.6524658203125,183.51979434330676,181.62198907034517,182.78986621450088,1237800.0,AMT
2019-06-07,182.4463653564453,184.2153527203342,182.0771034612292,183.3823809067404,1132200.0,AMT
2019-06-10,180.20509338378906,183.3738065860203,179.50092615892208,182.9100966135451,1976600.0,AMT
2019-06-11,179.4493865966797,180.73748574164134,178.16128745171807,180.19647990772637,1715600.0,AMT
2019-06-12,181.62200927734375,182.36052009924347,179.92172179556502,179.93030440744815,2974400.0,AMT
2019-06-13,179.48377990722656,182.60956750822442,179.0715917354537,182.13727484003033,2586500.0,AMT
2019-06-14,181.39013671875,182.00842542065135,178.7709988986434,179.47516612706238,1568100.0,AMT
2019-06-17,183.8461456298828,184.36139067342822,181.45028631481594,181.8109526040074,1780900.0,AMT
2019-06-18,184.89830017089844,186.2523357431282,183.98411691922038,184.8206838177805,1696600.0,AMT
2019-06-19,186.43341064453125,187.18372825712888,183.86334647329025,184.13932007111868,1421300.0,AMT
2019-06-20,187.5977325439453,188.6930205847737,186.20057243332764,186.42481499268985,1839900.0,AMT
2019-06-21,185.5796356201172,187.951343099094,184.76895393606065,187.54600883695375,2420400.0,AMT
2019-06-24,185.03628540039062,186.28681928679617,184.5360692138735,186.12295377537814,1064000.0,AMT
2019-06-25,181.8107452392578,185.7779695050465,181.70725678077108,185.4588581584233,1542400.0,AMT
2019-06-26,177.48992919921875,181.85386795094539,176.99833270690394,181.85386795094539,2434100.0,AMT
2019-06-27,177.53311157226562,179.55983576201785,177.27437718469918,178.4645343118606,2044600.0,AMT
2019-06-28,176.32565307617188,178.42138671490537,175.60982711823758,177.71418040955766,2965500.0,AMT
2019-07-01,174.47140502929688,177.23120708182793,172.03932083440208,176.799987599877,3039800.0,AMT
2019-07-02,177.3433380126953,177.86079352334175,174.79913240286095,175.00612250298448,3224300.0,AMT
2019-07-03,181.25877380371094,182.7421696971387,178.00737561360526,178.01600842446817,1408700.0,AMT
2019-07-05,180.28428649902344,181.34509620136873,177.843595117617,180.2497947209581,1735500.0,AMT
2019-07-08,180.20664978027344,181.4571838604394,179.65468927510753,180.1549055391292,1227600.0,AMT
2019-07-09,182.24195861816406,182.52656502928434,180.08586140644044,180.655074228681,1483200.0,AMT
2019-07-10,182.43173217773438,183.20792206301084,181.14669324878383,182.73359111077278,1858600.0,AMT
2019-07-11,180.4739532470703,182.52656196934794,179.4649013480725,182.52656196934794,1398200.0,AMT
2019-07-12,180.23248291015625,180.69820729925453,178.88708029235877,180.69820729925453,1263300.0,AMT
2019-07-15,181.71591186523438,182.27650516415255,180.23251559206707,181.39681361616357,1640300.0,AMT
2019-07-16,180.51712036132812,182.48348039604554,180.26701882032478,182.1298772175788,1430600.0,AMT
2019-07-17,180.02554321289062,182.44036217501414,179.23210081679628,181.1725887997875,1395000.0,AMT
2019-07-18,179.95651245117188,180.6033416564322,176.80860242304064,179.94787963951313,1279400.0,AMT
2019-07-19,177.282958984375,180.62059370795257,177.05009676930976,180.3791118403941,1847200.0,AMT
2019-07-22,178.26614379882812,178.66287154054748,176.5240132839499,177.61931453021134,1259200.0,AMT
2019-07-23,178.3523712158203,179.1630659058562,177.21394552518942,178.11088937109986,1165300.0,AMT
2019-07-24,176.61891174316406,178.7750096670552,176.43780688703254,178.36967536435884,1932400.0,AMT
2019-07-25,177.16221618652344,178.55074349026216,175.79094134736445,178.55074349026216,1058800.0,AMT
2019-07-26,176.44638061523438,177.73141938091973,175.63568590129688,177.23120321360142,1336800.0,AMT
2019-07-29,177.29159545898438,178.5248769395073,176.06692047135766,176.51539244599104,1875400.0,AMT
2019-07-30,179.94784545898438,180.24970429467828,177.30878490836736,178.12809911411617,2080100.0,AMT
2019-07-31,182.50927734375,184.28589899777015,180.55155092836998,180.78439990726122,2845100.0,AMT
2019-08-01,182.32823181152344,184.4412047256651,179.81853116781377,181.20705848163968,1691400.0,AMT
2019-08-02,185.82972717285156,186.8905234283741,181.90562720091285,182.61283347777749,1802200.0,AMT
2019-08-05,184.4757080078125,186.45932045989366,182.2506268336649,185.10529799097787,2268700.0,AMT
2019-08-06,187.10610961914062,187.1751063076938,183.82021964046055,184.59640935708146,1988200.0,AMT
2019-08-07,187.52008056640625,188.8827355847332,182.44031605696293,186.3126713905586,1827800.0,AMT
2019-08-08,190.61622619628906,190.91807187874045,186.28677975972965,187.61492971401339,1389700.0,AMT
2019-08-09,191.65982055664062,193.79867881050524,189.2881132414096,191.1337322257802,1251300.0,AMT
2019-08-12,191.65121459960938,192.29804391362305,190.10744126735545,191.47009660138406,883800.0,AMT
2019-08-13,190.6852569580078,192.83272151955302,189.19322810065125,192.04789891732833,2468800.0,AMT
2019-08-14,188.77066040039062,191.133734936644,188.40843758446366,190.65940399469045,2092700.0,AMT
2019-08-15,193.3588104248047,193.67792178572134,188.744769927031,189.08974024395414,1773200.0,AMT
2019-08-16,192.2635498046875,194.41964763944932,191.40111067078277,194.13505430586437,1681900.0,AMT
2019-08-19,194.21263122558594,194.64385070495896,192.1772747565543,193.22081852716352,1415900.0,AMT
2019-08-20,194.53172302246094,196.10998784416032,192.78097304664783,194.48859844398908,1620700.0,AMT
2019-08-21,196.10134887695312,196.18758486562913,193.86762226595405,194.5230842107083,1279500.0,AMT
2019-08-22,197.075927734375,197.30878994507316,194.04015198206565,196.4463509600314,1073000.0,AMT
2019-08-23,195.40281677246094,199.77537579869306,194.5403777449826,197.44679305645656,1497100.0,AMT
2019-08-26,198.42132568359375,198.4903092155648,195.00606182099835,196.26522841573066,968500.0,AMT
2019-08-27,198.17979431152344,199.8874325093124,197.52434559990314,199.0336134104179,1584000.0,AMT
2019-08-28,198.481689453125,199.6804790069962,197.13628686429382,197.9728536565392,1143700.0,AMT
2019-08-29,198.7145538330078,199.65460909328715,197.61063307309246,199.2233896352023,986200.0,AMT
2019-08-30,198.52487182617188,199.80127809489227,197.55894418062962,199.64604536319177,1426200.0,AMT
2019-09-03,205.12249755859375,205.17424179528928,198.52484418440858,198.87844734819507,1843100.0,AMT
2019-09-04,207.90818786621094,208.71024986511603,205.23462155030956,205.458850965538,1796100.0,AMT
2019-09-05,203.31993103027344,208.71017310424676,202.31949894299902,208.71017310424676,2059100.0,AMT
2019-09-06,200.5946807861328,204.01856461659045,199.79261884508196,203.49247630823922,2307600.0,AMT
2019-09-09,193.1863250732422,201.1035083287487,192.96209568344366,200.75853801217036,2994000.0,AMT
2019-09-10,186.46792602539062,192.31526089228828,184.13071074507081,192.17726750574957,4266100.0,AMT
2019-09-11,183.44073486328125,187.89954199520577,183.26824973078317,186.2436610356344,3019700.0,AMT
2019-09-12,188.74476623535156,189.17598570295823,185.13976464307737,186.30406246952492,2334500.0,AMT
2019-09-13,185.7434539794922,189.08972098385715,184.49292025830377,188.2617738838901,1908800.0,AMT
2019-09-16,186.95089721679688,187.58047397344222,185.45024868749064,185.8728485158001,1422100.0,AMT
2019-09-17,190.8577423095703,190.94397830872518,187.59772413062433,188.35666145814747,1853300.0,AMT
2019-09-18,191.1250762939453,191.97889550287667,188.41701879989435,191.4183023480044,1318300.0,AMT
2019-09-19,195.83401489257812,197.8089942594485,189.73656531772176,190.202276551383,2281100.0,AMT
2019-09-20,194.53172302246094,197.05004311988782,193.81589713110392,196.8516858506457,2787400.0,AMT
2019-09-23,194.3765106201172,195.3510577644782,194.00565499827886,194.77322520000925,1267000.0,AMT
2019-09-24,194.186767578125,196.0065143868296,192.4101453511932,194.9974623402647,1728600.0,AMT
2019-09-25,191.4959716796875,194.58350523212025,190.47829985994258,194.4455249777621,1709400.0,AMT
2019-09-26,193.15028381347656,194.07706506170683,191.89437653956782,191.97232639699268,1350400.0,AMT
2019-09-27,189.66836547851562,193.228220776216,187.83214291689094,193.228220776216,1832400.0,AMT
2019-09-30,191.5305938720703,192.0935826762032,189.57309826763515,189.96287398037956,1703000.0,AMT
2019-10-01,191.32275390625,193.0377171746737,189.0101485188682,191.1581842542096,1545400.0,AMT
2019-10-02,190.543212890625,192.28415930483348,189.25265228876628,191.20147822766663,1270100.0,AMT
2019-10-03,193.9298095703125,195.33297309098822,190.7857130284674,190.91562945801127,1604700.0,AMT
2019-10-04,195.68807983398438,196.96131369207515,193.72194073899865,193.99044350074348,1621900.0,AMT
2019-10-07,195.12509155273438,196.27706567585258,193.1242992606997,195.0471416958209,1005800.0,AMT
2019-10-08,195.8353271484375,197.58492997307243,193.70460531476817,195.0731155630079,1962200.0,AMT
2019-10-09,196.242431640625,196.91802352029907,195.16840734190998,196.242431640625,1038800.0,AMT
2019-10-10,195.9912567138672,197.20385422422578,194.1117239646506,195.87865365350476,1888900.0,AMT
2019-10-11,194.4062042236328,196.66684275595063,194.31959767052652,195.895974386802,1352200.0,AMT
2019-10-14,195.43690490722656,196.26840969962095,194.4581570902424,194.87391609459974,766100.0,AMT
2019-10-15,194.1983184814453,196.14714415157198,192.1455464551477,195.52351887982584,993200.0,AMT
2019-10-16,192.25816345214844,193.6266738302133,191.02823941482146,193.6266738302133,1508400.0,AMT
2019-10-17,195.6707763671875,196.74478746857628,193.5487242349729,194.1030563823635,1197100.0,AMT
2019-10-18,198.42506408691406,198.86680629323823,195.6187640294091,195.7053705599872,1544400.0,AMT
2019-10-21,198.69361877441406,198.85818840677427,196.35503037598457,198.55504564597712,1272400.0,AMT
2019-10-22,196.38967895507812,200.2613473126462,196.12116296229885,198.48574780908268,1341000.0,AMT
2019-10-23,195.76605224609375,196.9266831112133,193.9038329882202,195.96526185038837,1151500.0,AMT
2019-10-24,193.557373046875,196.3810002426668,193.4534399035699,195.74871826036014,1097900.0,AMT
2019-10-25,187.66758728027344,193.3235116177917,186.39435340054953,193.3148549278955,2409800.0,AMT
2019-10-28,182.54002380371094,189.68571868570672,181.91639846579469,189.49516576488114,3431400.0,AMT
2019-10-29,187.225830078125,187.79748871709407,182.36675807952486,182.76517721602926,2044000.0,AMT
2019-10-30,188.16128540039062,188.30852841813888,185.87466384795226,187.24316088733485,1520700.0,AMT
2019-10-31,188.8888702392578,190.11879433877098,185.39830755540066,189.25264948984722,2021200.0,AMT
2019-11-01,186.67149353027344,190.34393828674234,183.92581665130882,189.81558953613288,2112200.0,AMT
2019-11-04,182.81723022460938,186.63691960368467,182.7565937311949,186.01329415070836,1640000.0,AMT
2019-11-05,178.4344940185547,182.5226987272596,175.74945294001333,182.4534055539892,3449700.0,AMT
2019-11-06,180.14077758789062,180.920315776167,178.3132116754574,178.69431747199434,2206100.0,AMT
2019-11-07,178.15733337402344,179.46520731808616,176.28645735694937,179.04080480702862,2117400.0,AMT
2019-11-08,178.31320190429688,180.64313321937018,176.9187084341035,177.46438381436323,1819400.0,AMT
2019-11-11,179.5950927734375,180.6691036469629,178.06201309094496,178.16594621642986,1347200.0,AMT
2019-11-12,179.07540893554688,180.82502485401116,178.72895635714463,179.6730508671616,1475400.0,AMT
2019-11-13,182.16754150390625,182.83446334073082,179.77697391156298,179.9675267838894,1664900.0,AMT
2019-11-14,183.449462890625,183.54473934291903,181.89039967868652,182.2368522963083,1362800.0,AMT
2019-11-15,184.809326171875,184.8612927493199,182.06364852752253,183.8046081698566,1546600.0,AMT
2019-11-18,185.6408233642578,186.80145426681895,184.47152255493407,184.47152255493407,1353700.0,AMT
2019-11-19,186.71484375,187.60697185040806,185.23373030405128,185.93530548822451,1526400.0,AMT
2019-11-20,188.7329559326172,189.97154993013132,186.77547334604466,186.84476651941733,1297800.0,AMT
2019-11-21,184.95655822753906,189.59909497080736,184.75734862039226,188.40382411160542,1361400.0,AMT
2019-11-22,181.9857177734375,185.43297100796883,181.7085450428605,184.91329196262177,1779800.0,AMT
2019-11-25,181.6392364501953,183.35419949731187,180.8683680872113,182.31482835409943,1441100.0,AMT
2019-11-26,186.03921508789062,186.23843788548658,181.53526527202712,181.53526527202712,1877600.0,AMT
2019-11-27,186.1431884765625,186.66286744446083,184.26365578253836,186.0479120166663,1117000.0,AMT
2019-11-29,185.3809814453125,186.9140615325089,185.0778254608634,186.14319314359258,654300.0,AMT
2019-12-02,181.51797485351562,185.9093221841307,181.42269839540694,185.48490646776995,1189400.0,AMT
2019-12-03,182.93841552734375,184.0557362995823,181.24076621500046,181.24942290353994,1520000.0,AMT
2019-12-04,184.80062866210938,185.10378458533881,181.90770861521383,181.9856584641635,1276400.0,AMT
2019-12-05,184.9479217529297,185.46761398595865,183.5880811154091,184.67941894518296,868200.0,AMT
2019-12-06,183.7958984375,185.35496150463456,183.5273957013333,185.14708202357696,1206000.0,AMT
2019-12-09,184.1856689453125,185.34631291151487,183.47543714923478,183.6746467337503,938500.0,AMT
2019-12-10,181.89039611816406,185.42426825727534,181.1974776801642,184.79198629514846,1414800.0,AMT
2019-12-11,183.24160766601562,183.88255963148117,181.89042377543817,182.47073925581068,1441000.0,AMT
2019-12-12,181.6219024658203,183.5014350672915,180.68646451008118,183.3195388468753,1836000.0,AMT
2019-12-13,184.07305908203125,184.35021848905868,180.37461783921276,181.11950274405623,1988600.0,AMT
2019-12-16,186.7407684326172,187.7801392391465,184.07304165885787,184.48878733820624,1827300.0,AMT
2019-12-17,183.5620574951172,188.03136774677264,182.78253247703984,187.35577587342013,2439900.0,AMT
2019-12-18,188.77621459960938,189.6077192381577,183.99509266467166,184.31557515660774,2143300.0,AMT
2019-12-19,194.18963623046875,194.83924474588045,188.3345029027663,188.40379606370186,2958000.0,AMT
2019-12-20,197.25579833984375,197.72351066172425,194.44948475960305,196.4416202088673,3333100.0,AMT
2019-12-23,196.58883666992188,199.19592710169368,196.09512791476115,196.71009638264806,1096400.0,AMT
2019-12-24,196.68414306640625,197.5156345899689,195.97389805772366,196.73610963458898,491900.0,AMT
2019-12-26,198.25018310546875,198.25018310546875,196.24916054494292,197.22357245444186,1035300.0,AMT
2019-12-27,199.3028564453125,199.48555199486572,197.971735768543,198.81565061268617,749400.0,AMT
2019-12-30,199.102783203125,199.23328004147777,197.6933509720899,198.85047161515627,1259800.0,AMT
2019-12-31,199.94671630859375,199.98151104352456,197.9195811581925,199.20719875649286,1199100.0,AMT
2020-01-02,198.7982635498047,201.10379608826716,198.37195177225158,199.8248740309723,1426000.0,AMT
2020-01-03,198.89398193359375,199.95540050715417,197.49325829309944,197.98046420712083,1598900.0,AMT
2020-01-06,198.841796875,200.10331511959373,198.2675841759602,198.7808894938747,1526800.0,AMT
2020-01-07,194.60482788085938,197.98919687183334,192.81260021878947,197.6063883856889,1463800.0,AMT
2020-01-08,196.29263305664062,197.04955456706944,193.5955965415623,194.43080288190143,1433900.0,AMT
2020-01-09,197.03216552734375,197.6150735920547,196.06644899616794,196.1882504831916,1376700.0,AMT
2020-01-10,200.79934692382812,200.99075117363537,197.87609770675184,198.44160181503935,1578900.0,AMT
2020-01-13,204.81008911132812,204.8187844760274,201.1038193430939,201.19082609155015,1840600.0,AMT
2020-01-14,203.53988647460938,205.27122008198734,202.57416986351794,204.56651047193608,1217100.0,AMT
2020-01-15,204.78399658203125,205.96721671358173,204.01837965121433,204.01837965121433,1152100.0,AMT
2020-01-16,202.05213928222656,204.58387097474343,201.79113231975194,204.45337413118892,1782900.0,AMT
2020-01-17,203.0787353515625,203.9400542836162,202.35662189293728,202.6176288367746,2352900.0,AMT
2020-01-21,205.95848083496094,206.99379997256617,202.71333122388666,203.51374278417327,1827100.0,AMT
2020-01-22,204.5925750732422,207.21131345357801,203.8095542031989,206.9851145046492,1294000.0,AMT
2020-01-23,206.91554260253906,207.48975533774325,204.46209542959429,204.59260556506828,1485400.0,AMT
2020-01-24,206.6457977294922,208.794734086278,205.94978364291913,207.06340087129018,1284800.0,AMT
2020-01-27,206.60232543945312,207.2026375134862,205.04499219299544,205.60181416630905,1197200.0,AMT
2020-01-28,206.3500518798828,206.77636380356202,205.61054745150335,206.2891577624252,1051800.0,AMT
2020-01-29,203.09617614746094,206.94163843885588,202.59156617139095,206.56752532066304,1434400.0,AMT
2020-01-30,204.6273651123047,204.67956384737062,201.24300994342516,202.2087263682399,1271400.0,AMT
2020-01-31,201.61712646484375,204.40116967752888,200.84281423888814,203.8965597709539,1700900.0,AMT
2020-02-03,203.64425659179688,204.4881582619705,201.9390226973597,202.69593090146267,1560200.0,AMT
2020-02-04,206.58493041992188,207.2548452697589,202.73077274273092,203.94878767391907,1105700.0,AMT
2020-02-05,205.65396118164062,207.04597593870733,204.62733752076684,206.62837283912364,1338700.0,AMT
2020-02-06,206.8981170654297,207.55933648880742,205.6279035080167,206.35000375928573,1257100.0,AMT
2020-02-07,207.7159423828125,208.38585720205026,206.89812670549796,207.44624003718036,1237500.0,AMT
2020-02-10,212.01382446289062,212.1791293332433,207.75074567219428,208.52505800539873,1576800.0,AMT
2020-02-11,221.21856689453125,225.00312159821385,214.5020546132085,214.5020546132085,3231900.0,AMT
2020-02-12,222.8802490234375,223.29786543075076,219.31319848634513,221.22722722275617,1625400.0,AMT
2020-02-13,223.50668334960938,223.9677898975049,221.3577468224591,222.39306603295242,1146600.0,AMT
2020-02-14,222.941162109375,224.74209806424815,222.0798431819968,223.5936728277439,1600700.0,AMT
2020-02-18,220.05274963378906,222.37569990993615,219.83524602013512,222.114692918478,1998500.0,AMT
2020-02-19,215.8505859375,219.5829420104513,215.63308232945147,218.58243072357476,2618500.0,AMT
2020-02-20,215.36337280273438,216.224691894129,212.9099389376624,215.74618128779866,2150300.0,AMT
2020-02-21,214.9022216796875,216.32034919863472,214.71952611580906,215.71134186009934,2570200.0,AMT
2020-02-24,213.24923706054688,216.43349305434606,211.9442154180423,212.99693871749065,2329800.0,AMT
2020-02-25,214.14532470703125,220.9749424455459,212.42270006640481,215.69394913831368,2268600.0,AMT
2020-02-26,211.1263885498047,216.0767725089183,208.80345174221645,214.14533951827352,2024600.0,AMT
2020-02-27,202.65245056152344,213.05782876745965,202.62635119119963,208.79476345993083,3168700.0,AMT
2020-02-28,197.31924438476562,198.98097487113407,189.68921531506476,197.23223764528572,5188100.0,AMT
2020-03-02,209.4559326171875,209.569038718846,198.43285356117713,199.25936445121886,2718500.0,AMT
2020-03-03,211.10899353027344,214.75435607115202,207.79424071684187,209.45597144377138,3502600.0,AMT
2020-03-04,218.9477996826172,219.21750198879778,213.43191226317342,213.65811119972642,2350400.0,AMT
2020-03-05,214.8413543701172,218.27790853602048,211.87460213098385,216.24207806107412,1969400.0,AMT
2020-03-06,214.30194091796875,215.3981542190893,206.97640841364498,211.5613877521192,2693600.0,AMT
2020-03-09,201.72149658203125,208.4641067536666,195.75319853134977,201.34738356609347,3209200.0,AMT
2020-03-10,212.17037963867188,212.46619458513305,199.97278890951569,205.9671868079101,2658300.0,AMT
2020-03-11,202.6263427734375,208.09874063033772,198.9548810462613,206.51530809452052,3360600.0,AMT
2020-03-12,189.5152130126953,201.5997108823554,177.60471534470352,188.17538358158419,4734500.0,AMT
2020-03-13,207.92474365234375,210.16067372937914,191.42056962732508,196.2143441326462,4220300.0,AMT
2020-03-16,176.39544677734375,199.93803794450514,175.1948224722457,179.78849814996656,4093100.0,AMT
2020-03-17,197.95436096191406,204.36636237510103,177.1610236254982,182.85091154620005,4527100.0,AMT
2020-03-18,188.91488647460938,205.18414967108484,179.37082945581648,182.70298549866916,4210000.0,AMT
2020-03-19,181.8330078125,191.21176189027335,175.3253038815762,189.2890375193797,3847800.0,AMT
2020-03-20,169.9921417236328,182.7030547800603,167.36469407588308,180.09301114034517,3940900.0,AMT
2020-03-23,155.81088256835938,170.757737521477,151.6609232559511,170.52282990603433,3890100.0,AMT
2020-03-24,165.5376739501953,168.65232766619363,155.9501097875743,163.38002828440864,4221400.0,AMT
2020-03-25,173.35906982421875,181.43280263912956,161.84878268012332,164.34571983575796,3201500.0,AMT
2020-03-26,193.3171844482422,196.87553992665747,172.26283999305318,172.39333683441694,3413500.0,AMT
2020-03-27,190.08078002929688,193.17802978246775,184.20818166657168,188.08845249999388,3367100.0,AMT
2020-03-30,200.60791015625,201.81722957016927,192.56897279352913,193.73478883493166,2581600.0,AMT
2020-03-31,189.4456329345703,200.10330918462077,187.853505011927,198.7634928686326,4629900.0,AMT
2020-04-01,180.06687927246094,185.6610654252554,175.76900606389964,179.05765939446556,3772000.0,AMT
2020-04-02,192.0556640625,192.35146574971358,178.86624358450973,180.09296698046433,3993100.0,AMT
2020-04-03,193.8391876220703,194.6656985474222,188.63650585397204,190.6723361186151,2858000.0,AMT
2020-04-06,204.6099395751953,205.51476180566246,197.49322956906605,198.38064779788786,3050300.0,AMT
2020-04-07,198.16317749023438,212.179109572749,197.51936207496922,209.76916604201188,2226100.0,AMT
2020-04-08,216.85105895996094,217.19905936128552,198.36325553809866,199.79007842411252,3329400.0,AMT
2020-04-09,225.85572814941406,226.57782836985297,215.93755670049822,216.19856365777383,4331000.0,AMT
2020-04-13,218.2025604248047,224.8335661922401,215.58161353310183,224.26569969803458,1830900.0,AMT
2020-04-14,222.86785888671875,225.10439813010672,220.6138429311972,222.85038217458515,2011800.0,AMT
2020-04-15,216.2193603515625,221.01568404329103,212.4801443112178,220.97199893428976,1909700.0,AMT
2020-04-16,219.96731567382812,220.78854776043332,216.27178461492878,218.05402247861474,1640700.0,AMT
2020-04-17,221.95924377441406,225.20047382122127,216.73482693503075,224.14336608712904,2328100.0,AMT
2020-04-20,217.25901794433594,221.03318786718842,217.11049922017165,220.18574730573752,1281800.0,AMT
2020-04-21,211.42306518554688,214.80408266459185,208.8894883317696,214.22748443642286,1925500.0,AMT
2020-04-22,221.01573181152344,222.87660854441714,214.53325749321476,215.11860075403652,2041400.0,AMT
2020-04-23,217.18910217285156,222.6144538844999,216.78721784974059,220.32549823997647,1419200.0,AMT
2020-04-24,213.70326232910156,219.71397114978973,212.96940043750345,218.65685009362556,1775600.0,AMT
2020-04-27,218.60443115234375,220.41287746257294,214.25366331664404,215.7912805979211,1557500.0,AMT
2020-04-28,212.75973510742188,223.479411828406,212.05208156630619,222.99890222307266,2091900.0,AMT
2020-04-29,206.8888397216797,219.30339920725143,205.89288028821264,219.30339920725143,3505800.0,AMT
2020-04-30,207.92845153808594,208.8807257007741,203.30685442618483,204.5299576323141,3410300.0,AMT
2020-05-01,204.6085968017578,206.09379746221714,203.20202135330976,203.76990121198534,1896800.0,AMT
2020-05-04,206.73153686523438,207.49160711807696,199.2880447425152,207.39550520891564,1642700.0,AMT
2020-05-05,209.90289306640625,212.7772055927584,207.6488771634816,207.6488771634816,1421200.0,AMT
2020-05-06,207.281982421875,211.632764574907,206.87136627493229,210.4271245408346,1441400.0,AMT
2020-05-07,205.52590942382812,209.38743606920173,205.33370559403275,208.95934329723482,2548900.0,AMT
2020-05-08,208.24298095703125,209.8941770717298,206.7752436712847,207.62268428721833,1879700.0,AMT
2020-05-11,208.12942504882812,212.23557322543164,204.85324086576776,206.2510847828712,2040700.0,AMT
2020-05-12,202.4156951904297,209.89412688102163,201.58573148599294,209.11657997232277,1852500.0,AMT
2020-05-13,201.94398498535156,207.12473110225682,200.40636736195702,202.04008691999044,2200600.0,AMT
2020-05-14,200.60728454589844,201.81292446440733,196.36134975769994,200.3976173119499,2112500.0,AMT
2020-05-15,200.57232666015625,200.9130492159274,195.54884521971007,199.49774218900484,2246800.0,AMT
2020-05-18,206.20736694335938,208.05076681778093,202.74772446022988,206.2423203676963,1792800.0,AMT
2020-05-19,200.91307067871094,206.92378033628842,200.6422416094003,205.3774178037541,1542800.0,AMT
2020-05-20,201.0615692138672,203.26316830481355,199.99571642631201,202.66908008562007,1346600.0,AMT
2020-05-21,199.3317413330078,201.35859990093508,198.42313898845538,200.40632577492258,1263200.0,AMT
2020-05-22,211.79869079589844,211.94722283607393,198.67649426504698,199.66370843083374,2812700.0,AMT
2020-05-26,213.10919189453125,217.25902460019805,209.79806808546775,217.1803993904362,2833600.0,AMT
2020-05-27,220.168212890625,220.98071314613728,211.27447516783158,214.57686631940143,2311000.0,AMT
2020-05-28,225.5062713623047,226.6857028223973,221.48749403657263,223.32214890348547,2190900.0,AMT
2020-05-29,225.54994201660156,226.248850452645,221.9854396724957,224.66754812023726,2138600.0,AMT
2020-06-01,230.91412353515625,233.07203724359624,223.234756071588,225.4276098681819,2035000.0,AMT
2020-06-02,230.28514099121094,232.03243902369024,226.92158694635788,231.08890981727833,1809800.0,AMT
2020-06-03,233.60499572753906,235.22996990870405,230.29385888083263,231.45580020440931,1802200.0,AMT
2020-06-04,226.90411376953125,233.18565205807337,224.09970801372145,230.72195553983065,1997600.0,AMT
2020-06-05,231.42088317871094,232.31199550957706,227.65543167523873,230.40744719724452,2336800.0,AMT
2020-06-08,233.159423828125,235.11638884188403,230.9053947246752,231.51695962229923,2095800.0,AMT
2020-06-09,232.1809844970703,233.33418100225333,230.9491361136294,233.0022167526976,2691000.0,AMT
2020-06-10,231.8140106201172,235.0377773983873,229.97062412186557,232.83619162903344,1603500.0,AMT
2020-06-11,219.73146057128906,230.2851423494076,219.34706619977038,229.61244220113034,2548900.0,AMT
2020-06-12,225.47129821777344,226.27506694344706,221.8718823171373,224.28314850168496,1436500.0,AMT
2020-06-15,229.32406616210938,229.8395157573683,220.15949873460576,220.25560063633392,1532400.0,AMT
2020-06-16,231.32479858398438,234.83685823042543,228.02240618161338,234.64465436947668,1837500.0,AMT
2020-06-17,230.61712646484375,234.48738511705628,230.45113102272617,233.39532387241496,1380100.0,AMT
2020-06-18,225.9936981201172,229.88015155072205,225.06375727155745,228.54665803300986,1776100.0,AMT
2020-06-19,233.0121612548828,233.24902391356153,224.95850958119232,229.4239878199582,6193100.0,AMT
2020-06-22,232.1348876953125,234.1000421529878,229.0818569286628,231.74887138780892,2034300.0,AMT
2020-06-23,232.04714965820312,234.08250348342472,229.86266899066632,233.47716095115433,1941400.0,AMT
2020-06-24,222.99334716796875,230.88909105947033,219.56309527337336,230.073203949588,3475300.0,AMT
2020-06-25,223.1512451171875,224.53738828058292,219.83503410870546,223.08105912816146,2648700.0,AMT
2020-06-26,216.23806762695312,226.42357614954057,214.0799054724352,222.89682074842926,3268800.0,AMT
2020-06-29,222.65994262695312,223.2389669601754,217.1329201636478,219.36126828249257,1638200.0,AMT
2020-06-30,226.8184051513672,227.32723018804478,222.06340104776015,223.0547598195622,1980300.0,AMT
2020-07-01,232.82794189453125,233.98596392352798,226.47623671382215,227.50269514606282,1207200.0,AMT
2020-07-02,231.79269409179688,235.67039309437476,230.318828450951,235.16154131653795,1175700.0,AMT
2020-07-06,233.3367462158203,235.95112401800034,232.10852491631894,235.11767379340137,1504600.0,AMT
2020-07-07,233.3367462158203,236.63542065438082,230.37145186709935,231.62599123826087,1289800.0,AMT
2020-07-08,232.22256469726562,236.31956265146547,229.44149701927293,234.09120121794433,1389000.0,AMT
2020-07-09,233.0121612548828,234.21406455243047,228.45894718108923,230.71362695253356,1143400.0,AMT
2020-07-10,231.91549682617188,234.7667370277322,230.81886597941792,233.8016965279459,911400.0,AMT
2020-07-13,224.5286102294922,232.2138088172335,223.28283902437354,230.50305375410994,1791700.0,AMT
2020-07-14,227.16934204101562,227.94137466763397,222.6161272859014,224.79185316335108,1877500.0,AMT
2020-07-15,225.70420837402344,230.15215037437264,224.923420982182,230.12583229988854,1301000.0,AMT
2020-07-16,225.888427734375,226.12529036914916,222.08968332411587,225.642783485019,1475200.0,AMT
2020-07-17,227.31845092773438,228.98535159134076,223.4934145639676,226.78330781073848,1291900.0,AMT
2020-07-20,228.56422424316406,229.98545377132808,225.56382997120343,228.25716220076873,1422200.0,AMT
2020-07-21,227.40618896484375,230.73118193485527,226.32712110434386,230.73118193485527,1161900.0,AMT
2020-07-22,227.257080078125,228.80111857301202,225.48490695725727,226.41484805558062,1355700.0,AMT
2020-07-23,226.2568817138672,228.44138867033445,222.8353986638294,227.3447577713983,1324900.0,AMT
2020-07-24,224.87954711914062,228.47650246593292,224.4584579134573,227.87994157573482,1391300.0,AMT
2020-07-27,228.37123107910156,228.92393743699452,223.30040994566963,223.33550963735718,1417500.0,AMT
2020-07-28,234.06491088867188,235.73181143406822,228.59931909716218,228.59931909716218,1553800.0,AMT
2020-07-29,238.0040283203125,238.8023789065723,235.09136993877036,235.24052353600882,1452700.0,AMT
2020-07-30,230.28370666503906,235.11766422454724,225.9322827639507,235.11766422454724,1959900.0,AMT
2020-07-31,229.31869506835938,232.02078184290573,225.54626868447127,229.80998357282235,1781200.0,AMT
2020-08-03,225.09886169433594,229.64332106528164,224.69530896869088,227.22195116497392,1504600.0,AMT
2020-08-04,228.24839782714844,230.20477036398347,224.53738894606997,224.83566936035834,1782900.0,AMT
2020-08-05,223.96713256835938,228.4238424804793,223.02842340988255,228.3273518053185,1069200.0,AMT
2020-08-06,224.16015625,224.1864743244357,221.08082106153662,223.44954146701687,1127600.0,AMT
2020-08-07,226.00247192382812,226.96751253817604,222.9933229486854,223.22143075931777,1023300.0,AMT
2020-08-10,222.31784057617188,226.09024098192447,221.02820128684525,225.65158852668714,1282400.0,AMT
2020-08-11,215.99246215820312,223.0109013080171,215.11515726447638,222.79157508458542,2111800.0,AMT
2020-08-12,220.46665954589844,221.91420685274866,216.69424690226242,216.70301512951738,1381000.0,AMT
2020-08-13,219.96661376953125,221.9580992781028,219.48409348508335,220.11575396897734,960900.0,AMT
2020-08-14,219.4314727783203,222.16867286327718,218.19448318140317,220.05436507780792,737000.0,AMT
2020-08-17,220.1245574951172,221.0369486256684,218.8173684828779,219.40516111094797,1435000.0,AMT
2020-08-18,221.56332397460938,223.51970987788522,220.50177930497392,221.22994387583634,1896100.0,AMT
2020-08-19,215.14141845703125,222.46691773743387,214.8168200158914,222.15985575117247,1496500.0,AMT
2020-08-20,217.29086303710938,218.4138255825718,213.52723104771636,214.93969241907755,1017400.0,AMT
2020-08-21,218.7471923828125,219.30866696237652,215.3257087552521,219.05425444098762,1139600.0,AMT
2020-08-24,215.32571411132812,217.90499262700519,212.46569160558076,217.79093870771288,1201400.0,AMT
2020-08-25,216.1766815185547,216.85219658412638,213.64127115225503,216.08017745395745,1060800.0,AMT
2020-08-26,216.66798400878906,216.78203792517994,213.8430612669694,215.5099351591244,1479400.0,AMT
2020-08-27,217.5452423095703,218.53660088049537,215.85203731816574,217.0451722169988,1398200.0,AMT
2020-08-28,218.96649169921875,219.0893138300779,215.299364230275,218.24710875750316,1062900.0,AMT
2020-08-31,218.5805206298828,219.4315074933262,217.1242046020844,218.44893024341673,1307500.0,AMT
2020-09-01,217.59788513183594,219.10685029690137,216.36966389822803,217.9575832740381,1085000.0,AMT
2020-09-02,225.02870178222656,225.72178013411988,216.72062349540033,217.31719777500257,2034000.0,AMT
2020-09-03,221.36155700683594,225.25679252131866,218.65945657438746,224.2040160356462,2094600.0,AMT
2020-09-04,219.30865478515625,224.78304167189478,216.54514996146472,220.46670357117387,1885100.0,AMT
2020-09-08,216.527587890625,219.00159376472666,213.27279469420196,218.2032432121669,1451200.0,AMT
2020-09-09,221.4492950439453,223.96715575264938,218.852480109241,219.87014359088997,2202100.0,AMT
2020-09-10,217.90496826171875,221.01062133160016,217.16802206349186,221.01062133160016,1256800.0,AMT
2020-09-11,219.14195251464844,221.57209047476144,217.77335921588997,219.1331842861312,1219400.0,AMT
2020-09-14,222.74771118164062,224.31809446624789,220.14211452933026,220.30003637408785,1333900.0,AMT
2020-09-15,231.38917541503906,232.67881473377875,224.21282750925675,224.24791381636732,2426700.0,AMT
2020-09-16,230.98558044433594,235.69670277663351,230.55568290114698,232.4857641048894,2326100.0,AMT
2020-09-17,219.96661376953125,228.45014900115905,218.39624417462767,227.76585237470857,2341500.0,AMT
2020-09-18,215.3783416748047,220.43161281508293,213.89569432956458,218.15939645582142,3270500.0,AMT
2020-09-21,211.4041290283203,214.43082777214238,209.0529453111492,213.51843671210813,2848900.0,AMT
2020-09-22,212.25509643554688,214.80805626730685,210.7285814730641,212.2989643468713,1702200.0,AMT
2020-09-23,206.78953552246094,212.5095536012243,206.22806094458815,212.5095536012243,2550300.0,AMT
2020-09-24,207.20187377929688,210.6672389928165,206.25439622671217,207.30715947472592,2246600.0,AMT
2020-09-25,211.40687561035156,212.16501765575566,207.14012896018744,207.16657468083227,2861500.0,AMT
2020-09-28,211.5743865966797,215.47087993565074,210.1727095138456,214.28078208196675,2593500.0,AMT
2020-09-29,211.6801300048828,213.33746669527108,210.79857022515029,212.64104038795764,3098400.0,AMT
2020-09-30,213.09947204589844,214.73036325058462,211.30109575857136,213.2757813365718,3345600.0,AMT
2020-10-01,213.4697265625,215.98217768351475,211.53029745320026,213.50499649171704,2500800.0,AMT
2020-10-02,214.48353576660156,215.02128786724643,210.6840145832173,211.63610093115597,2138100.0,AMT
2020-10-05,214.51002502441406,214.78330650861682,209.71433583254392,214.43949860082304,2130300.0,AMT
2020-10-06,212.46475219726562,215.46206400635376,211.71543433364627,215.02128404485876,1913500.0,AMT
2020-10-07,213.13475036621094,214.6686560521505,212.62344398705204,212.62344398705204,2048000.0,AMT
2020-10-08,214.71275329589844,217.33979835208012,214.09566398089444,214.88906260710843,2501100.0,AMT
2020-10-09,215.70008850097656,217.20756197882307,214.35130281363178,215.3386591339349,1538700.0,AMT
2020-10-12,217.19873046875,218.4329089367837,215.39153000006488,216.20256348642081,1430400.0,AMT
2020-10-13,213.6989288330078,217.3485861143565,212.82617972929157,216.11439423976967,1622100.0,AMT
2020-10-14,210.25204467773438,214.46590009452365,209.88179111890145,214.11328150083622,2049300.0,AMT
2020-10-15,211.2217559814453,213.46972294989945,209.37047482344448,210.2961154024449,1790900.0,AMT
2020-10-16,213.97225952148438,215.1711817449682,210.83390785012529,211.30994436536577,1480000.0,AMT
2020-10-19,211.2217559814453,216.5992632638835,210.83386747584237,214.8008869988129,1323600.0,AMT
2020-10-20,214.92431640625,216.6257206364349,212.12977300616237,213.0554001834139,1407300.0,AMT
2020-10-21,213.10829162597656,216.8284754200032,212.72921388030122,214.5364143364148,1100500.0,AMT
2020-10-22,207.8453826904297,212.99368931028653,207.28999564546157,212.74685361286438,1836600.0,AMT
2020-10-23,209.5644073486328,211.01897571170707,207.7483962208795,208.61232110221604,1057200.0,AMT
2020-10-26,209.03550720214844,209.71431218256413,205.75610285846167,207.6602757260614,1657600.0,AMT
2020-10-27,208.18922424316406,212.4383366813386,208.0746171323881,210.6311358919441,1433200.0,AMT
2020-10-28,202.87339782714844,209.21181608954043,202.0976207581323,206.12635623063767,2449000.0,AMT
2020-10-29,204.21334838867188,208.37431225258257,203.3494234406886,205.81779388646325,1693300.0,AMT
2020-10-30,202.45022583007812,204.96267692787313,199.67331752328286,202.75877717596052,1621300.0,AMT
2020-11-02,205.83544921875,205.93242135680032,202.11526494305718,205.03322639047363,1551200.0,AMT
2020-11-03,206.48776245117188,209.132442033859,205.8442275191481,207.6426037166995,1268800.0,AMT
2020-11-04,208.99142456054688,214.43064785757215,206.9021183244306,206.9021183244306,2434000.0,AMT
2020-11-05,211.5038604736328,214.03393321228876,209.65259265932502,211.82122259201947,1877400.0,AMT
2020-11-06,213.4697265625,214.73917498357957,210.39309108937954,211.4950409755199,1181400.0,AMT
2020-11-09,209.7936248779297,223.10518497965472,208.88561924128814,219.6494717258423,2423600.0,AMT
2020-11-10,204.85690307617188,210.6311099195316,202.95273037819786,210.6311099195316,2717400.0,AMT
2020-11-11,210.2079620361328,212.87908754051358,205.68556875480036,207.00790864613882,1573700.0,AMT
2020-11-12,209.82003784179688,211.8388172655313,208.45363094762888,211.22172811146598,1882600.0,AMT
2020-11-13,214.2983856201172,214.8537726428388,209.5379677016168,211.36278963814536,1476400.0,AMT
2020-11-16,210.77215576171875,216.50229517966,210.56058999219366,215.77059883980002,1433300.0,AMT
2020-11-17,210.85150146484375,212.34133992609327,210.08454861618,210.69282713127356,1354200.0,AMT
2020-11-18,209.5467987060547,213.6107906384672,209.11484293689722,210.0845508169045,1617400.0,AMT
2020-11-19,210.19033813476562,210.5870508842782,205.72964681876937,209.00905099802702,1636400.0,AMT
2020-11-20,205.103759765625,210.19035145256214,204.962706932485,209.9787856543907,1965500.0,AMT
2020-11-23,201.7978973388672,205.94122653584873,201.5422374129606,205.89714584674024,2848400.0,AMT
2020-11-24,201.04856872558594,204.389688613209,200.45792514776772,203.67561372358546,2635100.0,AMT
2020-11-25,205.40345764160156,205.7296305016051,201.56866667840765,202.13286447893256,2478800.0,AMT
2020-11-27,206.36434936523438,206.36434936523438,203.270079024723,206.2497557277211,937400.0,AMT
2020-11-30,203.81666564941406,206.40845415511504,201.6568463785092,206.28503629539298,3547200.0,AMT
2020-12-01,207.89825439453125,208.39192574250606,204.27504298878029,204.5218786627677,2471000.0,AMT
2020-12-02,201.7890625,207.89827980678115,201.51578107407644,206.98144994715835,2755100.0,AMT
2020-12-03,199.42649841308594,203.4287747767443,199.0474206294308,202.335649017866,3702600.0,AMT
2020-12-04,201.58628845214844,201.7890434503804,197.8572940684906,199.8936951613283,3298400.0,AMT
2020-12-07,197.7074737548828,201.69211544689986,196.8964401330155,200.69596174966495,2554500.0,AMT
2020-12-08,197.1256103515625,198.14822306691156,195.8649726960895,196.82588321305775,2607300.0,AMT
2020-12-09,193.44952392578125,196.6231317789596,190.61089971754564,196.34103958050582,3413500.0,AMT
2020-12-10,193.42308044433594,195.6446019318472,192.6032226596413,194.128331125951,3028100.0,AMT
2020-12-11,193.7845458984375,194.09308385974288,189.89686266398172,192.18010007410737,2893400.0,AMT
2020-12-14,191.05166625976562,196.08536585222154,190.76956062963018,194.7982959064548,2501500.0,AMT
2020-12-15,191.5188751220703,192.4974070819292,190.02022608530027,191.36901156354688,2181200.0,AMT
2020-12-16,193.6082000732422,193.76688786572876,190.1348515716278,192.4269129188312,2347600.0,AMT
2020-12-17,196.33218383789062,197.11677150129347,194.05775799923708,194.9128720589782,2484400.0,AMT
2020-12-18,195.28314208984375,196.7906019031964,193.80211454438003,195.86496136872356,4538000.0,AMT
2020-12-21,193.74923706054688,194.3839612755287,191.4219194227925,192.49742359531518,1963400.0,AMT
2020-12-22,194.3751678466797,194.6925299824621,192.41810358461098,193.31728509304622,1845600.0,AMT
2020-12-23,191.65113830566406,197.11682105794756,191.63351679080034,195.0627846471253,1553400.0,AMT
2020-12-24,193.83187866210938,194.48788899352596,191.65111132371067,191.8727347905216,705700.0,AMT
2020-12-28,195.9772491455078,196.3141076914558,192.7503977680438,194.02695138400188,1842500.0,AMT
2020-12-29,195.4542236328125,198.0605185611458,195.4010361488591,196.98786822987998,1283000.0,AMT
2020-12-30,195.330078125,196.38500811370878,194.45245775177045,195.48078047669776,1361300.0,AMT
